adat_col,key_id,Protein_Name
SampleId,SampleId,NA
seq.10023.32,10023-32,VDR
seq.10039.32,10039-32,PNP
seq.10047.7,10047-7,NCF-2
seq.10056.5,10056-5,FOXM1
seq.10063.10,10063-10,FANCL
seq.10086.39,10086-39,CBS
seq.10339.48,10339-48,NSE
seq.10342.55,10342-55,PIAS4
seq.10344.334,10344-334,IL-10 Ra
seq.10351.51,10351-51,IRF1
seq.10354.57,10354-57,STAT3
seq.10356.21,10356-21,c-Jun
seq.10363.13,10363-13,SMAD3
seq.10364.6,10364-6,SMAD2
seq.10365.132,10365-132,IL-23
seq.10366.11,10366-11,PDGFRA
seq.10367.62,10367-62,IL-12
seq.10382.1,10382-1,ANGL3
seq.10387.1,10387-1,BNP
seq.10440.26,10440-26,ACAM:ECD
seq.10479.18,10479-18,MMP-10
seq.10490.3,10490-3,RPN1:CD
seq.10506.53,10506-53,PGRC2
seq.10512.13,10512-13,IL3RB:ECD
seq.10534.40,10534-40,PARP:BRCT domain
seq.10550.37,10550-37,BMP RIB
seq.10557.6,10557-6,TEX29
seq.10558.26,10558-26,PCDH9
seq.10576.7,10576-7,PXDC2:ECD
seq.10600.24,10600-24,CLGN
seq.10612.18,10612-18,PLOD3
seq.10624.45,10624-45,ISK13
seq.10630.5,10630-5,HTAI2
seq.10636.1,10636-1,MO2R1:CD
seq.10666.7,10666-7,GNPTG
seq.10668.5,10668-5,STX4
seq.10672.75,10672-75,SP-B
seq.10677.9,10677-9,NDUB4
seq.10714.7,10714-7,ACE
seq.10737.96,10737-96,Serpin B1
seq.10741.22,10741-22,CSF-1
seq.10760.107,10760-107,GRIA4
seq.10772.21,10772-21,CGAT2
seq.10800.15,10800-15,Collagen-binding protein
seq.10854.15,10854-15,GCNT4
seq.10855.55,10855-55,PLXB2
seq.10910.6,10910-6,CEAM4
seq.10916.44,10916-44,PLA2R
seq.10949.59,10949-59,RLA2
seq.10967.12,10967-12,PRL
seq.11067.13,11067-13,Osteocalcin
seq.11071.1,11071-1,IL-5
seq.11081.1,11081-1,GPDA
seq.11096.57,11096-57,HEMK2
seq.11101.18,11101-18,TLR4
seq.11140.56,11140-56,CO1A1:C-term propeptide
seq.11154.3,11154-3,NF2L1
seq.11162.37,11162-37,EQTN
seq.11164.7,11164-7,TEN2
seq.11180.17,11180-17,SMRC1
seq.11190.129,11190-129,YMEL1
seq.11193.27,11193-27,HNF1A
seq.11211.7,11211-7,TBCE
seq.11218.84,11218-84,TPMT
seq.11228.37,11228-37,RIC3
seq.11229.16,11229-16,ERN1
seq.11237.49,11237-49,PCOC1
seq.11248.43,11248-43,HEM4
seq.11275.94,11275-94,LRP1B
seq.11279.42,11279-42,GABR1
seq.11280.6,11280-6,DCE1
seq.11285.8,11285-8,CD34
seq.11288.26,11288-26,5NTC
seq.11293.14,11293-14,LRRN1:CD
seq.11300.32,11300-32,SORT
seq.11303.7,11303-7,SAMH1
seq.11307.33,11307-33,WWP1
seq.11311.79,11311-79,RAG-1
seq.11319.106,11319-106,MRE11
seq.11333.82,11333-82,RHG25
seq.11336.9,11336-9,FANCF
seq.11338.49,11338-49,BLK
seq.11347.9,11347-9,Transaldolase
seq.11351.233,11351-233,NHEJ1
seq.11354.21,11354-21,Phospholipase C-beta-1
seq.11355.10,11355-10,IF5A2
seq.11368.32,11368-32,KAD2
seq.11387.3,11387-3,ATF6B
seq.11391.69,11391-69,MVK
seq.11395.5,11395-5,FAK2:FERM
seq.11424.4,11424-4,FAAA
seq.11428.31,11428-31,PDLI1
seq.11438.6,11438-6,DNJB2
seq.11439.88,11439-88,RHPN2
seq.11440.58,11440-58,SOCS-3
seq.11462.8,11462-8,RBM9
seq.11468.15,11468-15,RBM19
seq.11510.31,11510-31,Apo L1
seq.11514.196,11514-196,CD59
seq.11530.37,11530-37,HEM3
seq.11537.12,11537-12,TFR2
seq.11540.37,11540-37,FOXO3A
seq.11544.39,11544-39,PHF3
seq.11545.9,11545-9,HVEM
seq.11556.19,11556-19,ARFG1
seq.11568.2,11568-2,FKB1B
seq.11587.5,11587-5,MGAP
seq.11617.1,11617-1,LFA-1 alpha-L chain
seq.11696.7,11696-7,RABP2
seq.11816.84,11816-84,JAK2
seq.11838.130,11838-130,FA38A
seq.11949.25,11949-25,EGF:CD
seq.12041.33,12041-33,HS71L
seq.12046.51,12046-51,TADBP
seq.12341.8,12341-8,DUS6
seq.12351.25,12351-25,STAT1
seq.12352.70,12352-70,ARRD3
seq.12370.30,12370-30,Apo F
seq.12378.71,12378-71,TPSN
seq.12382.2,12382-2,DDX58
seq.12398.15,12398-15,PAX4
seq.12426.19,12426-19,MOL1B
seq.12430.78,12430-78,PAIP1
seq.12432.23,12432-23,CYBP
seq.12433.8,12433-8,ARL11
seq.12473.48,12473-48,KCTD5
seq.12482.5,12482-5,BPTF
seq.12497.29,12497-29,SDOS
seq.12501.10,12501-10,TBCA
seq.12504.26,12504-26,LMOD1
seq.12508.9,12508-9,CHMP3
seq.12509.115,12509-115,COMD1
seq.12518.289,12518-289,PB1
seq.12534.10,12534-10,CACO2
seq.12554.10,12554-10,RA51D
seq.12558.3,12558-3,UBS3B
seq.12603.87,12603-87,PABP4
seq.12612.37,12612-37,PSB1
seq.12617.2,12617-2,STK24
seq.12622.96,12622-96,ASH1L
seq.12650.43,12650-43,GNAI3
seq.12656.1,12656-1,KLC1
seq.12659.13,12659-13,GTPB9
seq.12676.1,12676-1,PACN1
seq.12685.57,12685-57,HOME2
seq.12688.115,12688-115,KS6A6
seq.12689.56,12689-56,ARC1B
seq.12692.56,12692-56,DOT1L
seq.12699.28,12699-28,TCP-1-theta
seq.12720.71,12720-71,UBQL4
seq.12726.3,12726-3,RFXAP
seq.12735.39,12735-39,CSDE1
seq.12751.26,12751-26,ZHX1
seq.12756.3,12756-3,BACH2
seq.12768.3,12768-3,PPR3B
seq.12775.6,12775-6,HMGB3
seq.12796.44,12796-44,NUDT3
seq.12798.46,12798-46,S4A8
seq.12799.65,12799-65,DJC27
seq.12812.25,12812-25,ACYP2
seq.12813.18,12813-18,EHBP1
seq.12818.159,12818-159,UT2
seq.12843.6,12843-6,ZN410
seq.12848.9,12848-9,ARHG2
seq.12853.112,12853-112,TMOD2
seq.12854.3,12854-3,TEAD3
seq.12859.33,12859-33,PECI
seq.12954.71,12954-71,PPARa
seq.12976.49,12976-49,Vinexin b
seq.12986.12,12986-12,LIN7C
seq.12990.39,12990-39,MAP3K3
seq.13011.20,13011-20,RS10
seq.13067.5,13067-5,KGP1B
seq.13085.18,13085-18,GLP1R:CD
seq.13089.6,13089-6,HIF-1a
seq.13090.17,13090-17,S100A6
seq.13097.11,13097-11,Apoptosis regulator Bcl-W
seq.13098.93,13098-93,VEGF-D
seq.13101.60,13101-60,SOST
seq.13103.125,13103-125,CSH
seq.13104.32,13104-32,EFNB1
seq.13109.82,13109-82,NEGR1
seq.13111.79,13111-79,BCL6
seq.13112.179,13112-179,FSTL1
seq.13113.7,13113-7,Osteopontin
seq.13129.40,13129-40,LDLR
seq.13130.150,13130-150,HXK2
seq.13131.5,13131-5,HXK1
seq.13228.75,13228-75,MDM2
seq.13236.25,13236-25,WNT3A
seq.13377.3,13377-3,C56D1
seq.13438.115,13438-115,CHRD
seq.13470.43,13470-43,PTH1R
seq.13479.8,13479-8,F1712
seq.13496.19,13496-19,HMCS1
seq.13501.10,13501-10,S35G2
seq.13568.30,13568-30,PSMD4
seq.13572.43,13572-43,PSD11
seq.13576.15,13576-15,Glutathione S-transferase Pi
seq.13596.3,13596-3,RB27B
seq.13599.15,13599-15,RABEK
seq.13609.11,13609-11,GTF2I
seq.13613.23,13613-23,Adenylate kinase isoenzyme 5
seq.13614.6,13614-6,CREB-binding protein
seq.13621.31,13621-31,AP2A2
seq.13639.101,13639-101,USO1
seq.13640.5,13640-5,BCL6
seq.13653.335,13653-335,MACD1
seq.13654.1,13654-1,ROCK2
seq.13657.2,13657-2,PNKP
seq.13658.31,13658-31,PDGF-CC
seq.13663.2,13663-2,IL-4
seq.13665.35,13665-35,"PP2A, subunit B"
seq.13669.6,13669-6,FGFR-3:ECD
seq.13671.40,13671-40,Elastase
seq.13682.47,13682-47,M-CSF R
seq.13686.2,13686-2,IL-5 Ra
seq.13697.51,13697-51,GPDA
seq.13706.12,13706-12,IL-12 Rb1
seq.13707.27,13707-27,SPARCL1
seq.13708.56,13708-56,kallikrein 8
seq.13716.259,13716-259,Prothrombin
seq.13717.15,13717-15,FCN2
seq.13718.1,13718-1,IL-17
seq.13719.19,13719-19,PAK4
seq.13720.95,13720-95,Proteinase-3
seq.13722.105,13722-105,C9
seq.13723.6,13723-6,IL-10
seq.13730.18,13730-18,CATC
seq.13733.5,13733-5,IL-12 p40
seq.13742.66,13742-66,IL-22
seq.13748.4,13748-4,MCP-2
seq.13939.14,13939-14,UGPA1
seq.13941.82,13941-82,SYFM
seq.13948.50,13948-50,GABR2:ECD
seq.13991.47,13991-47,IF4G3
seq.13993.20,13993-20,E41L1
seq.14023.84,14023-84,BSP
seq.14042.11,14042-11,SARP-2
seq.14047.78,14047-78,BDNF
seq.14051.54,14051-54,FOXC2
seq.14056.32,14056-32,Glycoprotein hormones a-chain
seq.14060.67,14060-67,NCF4
seq.14066.49,14066-49,MAGI2
seq.14073.31,14073-31,Hemopexin
seq.14085.28,14085-28,IL-13
seq.14086.11,14086-11,ASM3A
seq.14088.38,14088-38,IGFBP-6
seq.14093.10,14093-10,Flt3 ligand
seq.14094.29,14094-29,HB-EGF
seq.14095.1,14095-1,NKG2D
seq.14096.1,14096-1,TNF-b
seq.14101.2,14101-2,CNTFR alpha
seq.14108.15,14108-15,TGF-b1
seq.14115.34,14115-34,Adrenomedullin
seq.14123.34,14123-34,GI24:ECD
seq.14127.240,14127-240,IFN-b
seq.14131.37,14131-37,EFNB2:ECD
seq.14132.21,14132-21,HHLA2
seq.14148.2,14148-2,UCRP
seq.14229.5,14229-5,MOCS3
seq.14286.7,14286-7,NF-ATc1
seq.14334.3,14334-3,RECO
seq.14599.18,14599-18,STAB1
seq.14623.26,14623-26,SUMO3
seq.14634.13,14634-13,LSHR
seq.14674.63,14674-63,PACN3
seq.14688.6,14688-6,PTN7
seq.14711.27,14711-27,Cystatin M
seq.14713.46,14713-46,Azurocidin
seq.14755.4,14755-4,Lactoferrin
seq.14756.29,14756-29,sICAM-2
seq.15314.49,15314-49,CLIC4
seq.15324.58,15324-58,Ferritin light chain
seq.15365.41,15365-41,BAI3
seq.15368.3,15368-3,BMPER
seq.15381.45,15381-45,Discoidin domain receptor 2
seq.15385.116,15385-116,FABP2
seq.15388.24,15388-24,FcRIIIa
seq.15390.3,15390-3,Galanin
seq.15395.15,15395-15,GST M1-1
seq.15414.316,15414-316,LDHA
seq.15417.3,15417-3,Maspin
seq.15426.5,15426-5,NEUR1
seq.15427.35,15427-35,LOXL3
seq.15431.31,15431-31,OTCase
seq.15434.5,15434-5,PNOC
seq.15444.45,15444-45,SCCA2
seq.15446.25,15446-25,SMDF
seq.15460.9,15460-9,CD26
seq.15474.7,15474-7,PIN1
seq.15499.11,15499-11,Attractin
seq.15513.108,15513-108,Prostasin
seq.15515.2,15515-2,SAA
seq.15523.9,15523-9,HEM2
seq.15533.97,15533-97,Macrophage scavenger receptor:ECD
seq.15545.13,15545-13,Calcineurin B a
seq.15562.24,15562-24,BGLR
seq.15566.10,15566-10,Calponin-1
seq.15567.2,15567-2,CD3-zeta
seq.15570.99,15570-99,Complement receptor type 2
seq.15573.110,15573-110,CSPG3
seq.15589.1,15589-1,"Gc-Globulin, Mixed Type"
seq.15591.28,15591-28,Glutathione peroxidase
seq.15594.47,15594-47,HTRA1
seq.15596.7,15596-7,HEXI1
seq.15602.43,15602-43,IL-6 sRa
seq.15606.19,15606-19,Keratin 19
seq.15608.5,15608-5,KS6B1
seq.15620.4,15620-4,NLGN1
seq.15627.83,15627-83,PKB
seq.15635.4,15635-4,SMOC2
seq.15653.9,15653-9,NA
seq.15666.21,15666-21,BMP-2
seq.15667.39,15667-39,BMP-4
seq.15669.7,15669-7,BRAF1
seq.15670.15,15670-15,C1QL2
seq.15693.9,15693-9,PgR
seq.16015.19,16015-19,ALT
seq.16043.30,16043-30,SHC1:PID
seq.16055.3,16055-3,complement factor H-related 5
seq.16057.6,16057-6,IGF-II receptor
seq.16074.12,16074-12,GRB2-related adapter protein 2
seq.16304.6,16304-6,LGR4
seq.16309.30,16309-30,Soggy-1
seq.16318.12,16318-12,ALK-1
seq.16536.3,16536-3,HMGA1
seq.16551.14,16551-14,STA5B
seq.16583.8,16583-8,AP4A
seq.16588.10,16588-10,BiP
seq.16606.85,16606-85,Aldose reductase
seq.16607.78,16607-78,Gelsolin
seq.16616.137,16616-137,ENOB
seq.16618.7,16618-7,CD69
seq.16805.5,16805-5,PDE5A
seq.16818.200,16818-200,CDCP1
seq.16851.50,16851-50,SCO2
seq.16892.23,16892-23,ENPP2
seq.16907.3,16907-3,Nectin-like protein 3
seq.16918.198,16918-198,TLR3
seq.16926.44,16926-44,"Alkaline phosphatase, liver"
seq.17148.7,17148-7,BLVRB
seq.17156.72,17156-72,DCAK1
seq.17166.4,17166-4,FGF-8F
seq.17170.15,17170-15,CALCB
seq.17176.13,17176-13,PSIP1
seq.17199.43,17199-43,HIF1N
seq.17357.33,17357-33,SPCS
seq.17366.6,17366-6,DCNL1
seq.17372.5,17372-5,4EBP1
seq.17380.2,17380-2,UBE2K
seq.17398.55,17398-55,HO-1
seq.17447.52,17447-52,SFRP4
seq.17453.34,17453-34,Ceruloplasmin
seq.17460.51,17460-51,Mx1
seq.17466.72,17466-72,ACSF2
seq.17468.1,17468-1,SUFU
seq.17495.141,17495-141,SIR3
seq.17510.7,17510-7,SRP14
seq.17682.1,17682-1,CD46
seq.17685.9,17685-9,Apo A-IV
seq.17696.1,17696-1,TIRP
seq.17702.53,17702-53,UGT 1A1
seq.17710.40,17710-40,TPD53
seq.17752.24,17752-24,Arginase
seq.17764.108,17764-108,RHOC
seq.17766.5,17766-5,NCF-1
seq.17772.7,17772-7,UBD
seq.17794.6,17794-6,Phosphomannomutase 2
seq.17804.102,17804-102,PNPO
seq.17821.20,17821-20,NMT2
seq.17823.40,17823-40,SMD2
seq.18158.4,18158-4,Caspase-8
seq.18158.45,18158-45,Caspase-8
seq.18185.118,18185-118,ALDOB
seq.18188.12,18188-12,GATM
seq.18225.13,18225-13,HEBP1
seq.18261.34,18261-34,NATD1
seq.18284.77,18284-77,WWC1
seq.18302.204,18302-204,ZWILC
seq.18321.38,18321-38,MTDC
seq.18323.39,18323-39,DRP-1
seq.18340.2,18340-2,Proteasome beta chain
seq.18342.2,18342-2,SERC
seq.18380.78,18380-78,Albumin
seq.18399.1,18399-1,AKA7A
seq.18401.18,18401-18,ALKB3
seq.18405.117,18405-117,AP1S2
seq.18417.3,18417-3,AS3MT
seq.18429.10,18429-10,Cadherin E
seq.18434.141,18434-141,TBPL1
seq.18449.33,18449-33,PPIG
seq.18813.15,18813-15,DD19A
seq.18817.50,18817-50,CBX1
seq.18819.21,18819-21,PPIC
seq.18837.9,18837-9,SGTB
seq.18839.24,18839-24,Thyroglobulin
seq.18841.1,18841-1,SPB13
seq.18874.66,18874-66,CEBPA
seq.18880.81,18880-81,Collagen Type III
seq.18882.7,18882-7,CSTN2
seq.18884.22,18884-22,DNJB4
seq.18896.23,18896-23,H6ST3
seq.18925.24,18925-24,Proteasome subunit alpha type 5
seq.18926.7,18926-7,PSA3
seq.18930.28,18930-28,SLIT2
seq.18931.40,18931-40,SLIT3
seq.18942.11,18942-11,PSB9
seq.18943.4,18943-4,PTGR2
seq.19119.10,19119-10,DDIT3
seq.19125.26,19125-26,KAP2
seq.19130.81,19130-81,SPB8
seq.19147.6,19147-6,PP13
seq.19152.4,19152-4,IPP2
seq.19153.53,19153-53,MPPD2
seq.19154.41,19154-41,Protease nexin I
seq.19168.71,19168-71,PPIP1
seq.19169.88,19169-88,FIBP
seq.19177.7,19177-7,MOL1A
seq.19187.21,19187-21,STABP
seq.19189.2,19189-2,UBP14
seq.19202.10,19202-10,BTK
seq.19206.20,19206-20,8ODP
seq.19207.119,19207-119,ADK
seq.19222.124,19222-124,RAB5B
seq.19228.11,19228-11,BAG-2
seq.19236.24,19236-24,TCP4
seq.19280.29,19280-29,UB2D3
seq.19289.29,19289-29,DCUP
seq.19297.4,19297-4,G6PD
seq.19331.18,19331-18,BAIP2
seq.19332.1,19332-1,MOBL3
seq.19333.4,19333-4,hnRNP K
seq.19491.11,19491-11,DHB8
seq.19523.215,19523-215,PARK7
seq.19545.145,19545-145,Oxidized PARK7
seq.19557.3,19557-3,KLOTB
seq.19558.10,19558-10,LRP4
seq.19568.17,19568-17,IL-15
seq.19570.12,19570-12,FGF-8
seq.19572.10,19572-10,CEBPG
seq.19575.4,19575-4,EPO-R
seq.19578.19,19578-19,DOK2
seq.19584.33,19584-33,FGF9
seq.19586.89,19586-89,RAB3C
seq.19596.18,19596-18,BRF-1
seq.19620.16,19620-16,DLG2
seq.19622.7,19622-7,Activin A
seq.19640.2,19640-2,Parathyroid Hormone1-34
seq.19751.21,19751-21,ADA
seq.19767.20,19767-20,Cyclin E
seq.19823.75,19823-75,SIR1
seq.20073.22,20073-22,K-ras
seq.20086.5,20086-5,RB11B
seq.20090.63,20090-63,UB2E3
seq.20091.138,20091-138,Ephrin-A1
seq.20093.9,20093-9,VCAM-1
seq.20103.176,20103-176,N-glycosylase/DNA lyase
seq.20120.101,20120-101,AMGO1:ECD
seq.20126.19,20126-19,GFAP
seq.20141.42,20141-42,TCEA2
seq.20161.41,20161-41,NCAM1
seq.20203.45,20203-45,C1s
seq.20225.119,20225-119,STA5A
seq.20229.67,20229-67,TM2D1
seq.20241.9,20241-9,SNP23
seq.20386.15,20386-15,PTRD1
seq.20423.40,20423-40,CIB1
seq.20432.6,20432-6,PGPI
seq.20434.23,20434-23,PC4L1
seq.20437.9,20437-9,IDLC
seq.20463.315,20463-315,IMPCT
seq.20512.2,20512-2,MUC18
seq.20514.8,20514-8,BAMBI:ECD
seq.20517.1,20517-1,Desmoglein-2
seq.20520.14,20520-14,FAM3C
seq.20530.2,20530-2,SEM6D
seq.20534.6,20534-6,SCRB1
seq.20536.11,20536-11,ESAM
seq.20542.47,20542-47,CALCR
seq.20546.71,20546-71,R4RL1
seq.20550.38,20550-38,NTRI
seq.20561.15,20561-15,CNTN6
seq.20581.42,20581-42,GLP1R:ECD
seq.20918.28,20918-28,RU1C
seq.20921.1,20921-1,GIPC2
seq.20926.31,20926-31,ATF1
seq.20943.14,20943-14,NAA50
seq.20958.13,20958-13,RAB23
seq.20964.13,20964-13,RS14
seq.20966.7,20966-7,SENP8
seq.20970.14,20970-14,DBND1
seq.20975.2,20975-2,RCAN2
seq.21104.37,21104-37,UBL5
seq.21109.1,21109-1,CFA36
seq.21111.49,21111-49,HPBP1
seq.21115.48,21115-48,BN3D2
seq.21121.31,21121-31,UBA3
seq.21123.1,21123-1,RM28
seq.21131.109,21131-109,TYW5
seq.21134.9,21134-9,ZHANG
seq.21144.160,21144-160,SGK1
seq.21167.33,21167-33,PTPM1
seq.21190.4,21190-4,UBE2W
seq.21196.29,21196-29,SAMN1
seq.21204.70,21204-70,DESI1
seq.21221.67,21221-67,Serpin B9
seq.21227.18,21227-18,SULT 1A1*2
seq.21286.29,21286-29,RL11
seq.21308.44,21308-44,DHRS4
seq.21319.196,21319-196,MRM1
seq.21331.19,21331-19,BCL7A
seq.21339.19,21339-19,ALAT2
seq.21359.17,21359-17,NREP
seq.21366.7,21366-7,MSI2H
seq.21367.63,21367-63,NRBF2
seq.21375.34,21375-34,R3GEF
seq.21378.7,21378-7,PNPT1
seq.21382.70,21382-70,RNZ1
seq.21387.64,21387-64,MEP1A
seq.21395.23,21395-23,PCD17
seq.21403.39,21403-39,TSC2
seq.21406.25,21406-25,M3K11
seq.21430.4,21430-4,cPLA2-alpha
seq.21452.3,21452-3,DNM1L
seq.21478.20,21478-20,SMAD5
seq.21487.20,21487-20,BL1S6
seq.21491.7,21491-7,VAP-1
seq.21513.1,21513-1,Caspase-7
seq.21574.106,21574-106,S100A15
seq.21577.35,21577-35,FKBP5
seq.21579.35,21579-35,MYPC3
seq.21649.12,21649-12,STX17
seq.21653.205,21653-205,URM1
seq.21661.82,21661-82,DMP4
seq.21667.57,21667-57,PDE1B
seq.21670.52,21670-52,WWP2
seq.21676.17,21676-17,PAI-2
seq.21685.29,21685-29,DCC
seq.21693.14,21693-14,CAD13
seq.2171.12,2171-12,NA
seq.21713.11,21713-11,RELN
seq.21720.13,21720-13,FUT11
seq.21740.26,21740-26,UBP1
seq.21750.25,21750-25,BAP1
seq.21758.65,21758-65,SENP2
seq.2178.55,2178-55,NA
seq.21786.25,21786-25,CDKL2
seq.21804.15,21804-15,KHDCL
seq.21819.9,21819-9,NELFE
seq.21827.7,21827-7,RHOQ
seq.21837.3,21837-3,SSRB
seq.21848.18,21848-18,UB2R2
seq.21875.31,21875-31,ZFAN3
seq.21887.2,21887-2,CBLN2
seq.2190.55,2190-55,Coagulation Factor XI
seq.21933.7,21933-7,UBA7
seq.2194.91,2194-91,NA
seq.21942.14,21942-14,WNT16
seq.21955.36,21955-36,BAT3
seq.21967.20,21967-20,DHI1
seq.21981.2,21981-2,Integrin alpha-M
seq.21987.76,21987-76,LPL
seq.21995.20,21995-20,NOS
seq.21996.28,21996-28,NUB1
seq.21999.61,21999-61,NUCB2
seq.22003.4,22003-4,Paraoxonase-2
seq.2201.17,2201-17,Endostatin
seq.22010.36,22010-36,PRKRA
seq.22019.21,22019-21,SH2B3
seq.22041.26,22041-26,MP2K5
seq.22045.8,22045-8,SUMO4
seq.22055.31,22055-31,FOXO1A
seq.22057.9,22057-9,AL1B1
seq.22063.20,22063-20,CPNS2
seq.22075.16,22075-16,ATF3
seq.22080.22,22080-22,BACD1
seq.22091.14,22091-14,BUP1
seq.22113.2,22113-2,COQ6
seq.2212.69,2212-69,tPA
seq.22121.43,22121-43,DCA12
seq.22123.15,22123-15,DLX2
seq.22129.55,22129-55,ELL3
seq.22136.9,22136-9,EXOG
seq.22148.135,22148-135,FOXP3
seq.22150.2,22150-2,GABP1
seq.2229.54,2229-54,NA
seq.22404.4,22404-4,IP6K1
seq.22414.127,22414-127,TLK1
seq.22474.28,22474-28,HXC11
seq.2249.25,2249-25,NA
seq.22491.10,22491-10,LDB2
seq.22504.3,22504-3,N42L2
seq.22505.24,22505-24,NAKD2
seq.22510.6,22510-6,NF2L2
seq.22529.31,22529-31,PHF6
seq.22534.14,22534-14,PP4C
seq.22541.46,22541-46,PSF1
seq.22545.20,22545-20,RALYL
seq.22547.17,22547-17,RBMS1
seq.22578.17,22578-17,ROBO2
seq.22584.2,22584-2,LRP6
seq.2273.34,2273-34,NA
seq.22773.69,22773-69,SDHB
seq.22774.20,22774-20,SEN34
seq.22783.40,22783-40,SPI1
seq.22792.21,22792-21,SYWM
seq.22796.17,22796-17,TADA1
seq.22801.83,22801-83,TERB2
seq.22810.41,22810-41,TIPIN
seq.22821.50,22821-50,UNG
seq.22839.23,22839-23,ZN263
seq.22845.3,22845-3,RT14
seq.22847.18,22847-18,STK4
seq.2288.7,2288-7,NA
seq.22953.85,22953-85,CEBPB
seq.22966.20,22966-20,GBRAP
seq.22969.12,22969-12,MCP-3
seq.22972.26,22972-26,Gro-b
seq.22977.18,22977-18,HEXI1
seq.22985.160,22985-160,IGFBP-2
seq.2305.52,2305-52,NA
seq.2312.13,2312-13,NA
seq.23263.9,23263-9,KCD15
seq.23303.131,23303-131,TXND9
seq.23308.31,23308-31,KCTD1
seq.23317.10,23317-10,DHR11
seq.23321.42,23321-42,CCD95
seq.23343.6,23343-6,ROGDI
seq.23367.8,23367-8,ANR40
seq.23378.29,23378-29,CGBP1
seq.23396.21,23396-21,TWF2
seq.23418.66,23418-66,CCD92
seq.23519.91,23519-91,TM221
seq.23524.2,23524-2,NTAN1
seq.23553.1,23553-1,ABI3
seq.23556.4,23556-4,VGLL4
seq.23564.83,23564-83,MT21C
seq.2358.19,2358-19,VEGF sR3
seq.23581.131,23581-131,Obestatin
seq.2359.65,2359-65,NA
seq.23596.17,23596-17,CCD89
seq.23660.112,23660-112,KLH41
seq.23665.35,23665-35,PRS6A
seq.23666.35,23666-35,PUR9
seq.23672.10,23672-10,PSMD6
seq.23693.4,23693-4,MKNK1
seq.2381.52,2381-52,C5
seq.23929.159,23929-159,PRRT2
seq.23967.8,23967-8,PA1
seq.24050.26,24050-26,GSK-3 beta
seq.24179.48,24179-48,PTER
seq.24221.3,24221-3,PPAR gamma
seq.24266.2,24266-2,MEF2D
seq.24273.43,24273-43,TXND3
seq.24277.22,24277-22,CPNE7
seq.24294.13,24294-13,CTF8
seq.2430.52,2430-52,NA
seq.2436.49,2436-49,"CXCL16, soluble"
seq.2441.2,2441-2,FGF-10
seq.24414.3,24414-3,Glycogen phosphorylase
seq.24416.20,24416-20,SND1
seq.24417.22,24417-22,RABE1
seq.24422.36,24422-36,SPA24
seq.24427.33,24427-33,INP4B
seq.2443.10,2443-10,FGF-8B
seq.24431.32,24431-32,CMTR1
seq.24437.6,24437-6,YJEN3
seq.24463.1,24463-1,NDRG2
seq.24471.2,24471-2,SETBP
seq.24475.45,24475-45,SNX12
seq.24486.1,24486-1,B-cell CLL 11A
seq.24499.36,24499-36,LGSN
seq.24651.1,24651-1,RTN1
seq.2468.62,2468-62,MIP-3a
seq.24685.12,24685-12,SNX11
seq.24699.20,24699-20,AR6P1
seq.24723.58,24723-58,eIF-2-beta
seq.2474.54,2474-54,SAP
seq.2475.1,2475-1,SCF sR
seq.2480.58,2480-58,TIMP-3
seq.24901.4,24901-4,VILI
seq.24914.10,24914-10,EZH2
seq.24917.95,24917-95,DNJC1
seq.24929.26,24929-26,SOX6
seq.24938.7,24938-7,AP2B1
seq.24940.3,24940-3,IKK-beta
seq.24951.3,24951-3,VAC14
seq.24952.28,24952-28,FUBP3
seq.24958.3,24958-3,RFX5
seq.24960.48,24960-48,HIP1R
seq.25033.194,25033-194,TER ATPase
seq.25042.3,25042-3,MAOM
seq.25050.82,25050-82,TPP2
seq.25051.104,25051-104,FTO
seq.25076.2,25076-2,Selenium-binding protein 1
seq.25095.1,25095-1,SNCAP
seq.25100.11,25100-11,CMIP
seq.2513.7,2513-7,NA
seq.25218.10,25218-10,SPCS1
seq.25225.14,25225-14,FHL17
seq.25286.33,25286-33,RBG1L
seq.25287.7,25287-7,IF4G1
seq.25300.39,25300-39,MALT1
seq.25308.8,25308-8,LIMK1
seq.25460.36,25460-36,IRF5
seq.25465.42,25465-42,MLIP
seq.25481.66,25481-66,ATX10
seq.2558.51,2558-51,b-Endorphin
seq.2567.5,2567-5,Factor I
seq.2571.12,2571-12,IGFBP-3
seq.2575.5,2575-5,Leptin
seq.2579.17,2579-17,MMP-9
seq.2580.83,2580-83,Myeloperoxidase
seq.2585.2,2585-2,PRL
seq.25879.6,25879-6,KAT5
seq.25898.4,25898-4,CHID1
seq.2590.69,2590-69,ROR1
seq.25904.17,25904-17,DOCK2
seq.25913.17,25913-17,FRIH
seq.25922.7,25922-7,LRP5
seq.25947.116,25947-116,PK3C3
seq.25954.3,25954-3,PTPRN
seq.25962.51,25962-51,WNK1
seq.25964.12,25964-12,C1QT4
seq.25967.34,25967-34,TIMP-1
seq.2597.8,2597-8,VEGF
seq.2599.51,2599-51,4-1BB ligand
seq.2603.61,2603-61,B7
seq.26070.9,26070-9,NCAM2
seq.2609.59,2609-59,Cystatin C
seq.26126.8,26126-8,Stomatin-like protein 2
seq.2615.60,2615-60,Ephrin-A5
seq.2618.10,2618-10,ERBB4
seq.2619.72,2619-72,GA733-1 protein
seq.2622.18,2622-18,HO-2
seq.26275.5,26275-5,IPP2
seq.26281.1,26281-1,MFGM
seq.2631.50,2631-50,IL-10 Rb
seq.2632.5,2632-5,IL-12 Rb1
seq.2633.52,2633-52,IL-13 Ra1
seq.2634.2,2634-2,IL-2 sRg
seq.2635.61,2635-61,Layilin
seq.2636.10,2636-10,Lymphotoxin b R
seq.2637.77,2637-77,Macrophage mannose receptor
seq.2638.12,2638-12,M-CSF R
seq.2640.3,2640-3,MSP R
seq.2642.4,2642-4,PAFAH beta subunit
seq.2644.11,2644-11,PKC-A
seq.2649.77,2649-77,sICAM-3
seq.2652.15,2652-15,suPAR
seq.2654.19,2654-19,TNF sR-I
seq.2658.27,2658-27,TrkC
seq.2665.26,2665-26,BCMA
seq.2666.53,2666-53,Bone proteoglycan II
seq.2670.67,2670-67,CK-MM
seq.2677.1,2677-1,ERBB1
seq.26782.45,26782-45,HCK
seq.2681.23,2681-23,HGF
seq.2682.68,2682-68,HSP 60
seq.2683.1,2683-1,iC3b
seq.2686.67,2686-67,IGFBP-6
seq.2687.2,2687-2,MIA
seq.2692.74,2692-74,NPS-PLA2
seq.2693.20,2693-20,OSM
seq.2695.25,2695-25,PECAM-1
seq.2697.7,2697-7,PF-4
seq.2700.56,2700-56,Protein S
seq.2706.69,2706-69,Thyroxine-Binding Globulin
seq.2708.54,2708-54,TNFSF18
seq.2711.6,2711-6,CNTFR alpha
seq.2714.78,2714-78,EMAP-2
seq.2719.3,2719-3,G-CSF-R
seq.27279.36,27279-36,"Troponin I, skeletal, fast twitch"
seq.2742.68,2742-68,Siglec-7
seq.2743.5,2743-5,Sonic Hedgehog
seq.2746.56,2746-56,TSLP R
seq.2750.3,2750-3,Apo A-I
seq.2751.16,2751-16,Azurocidin
seq.2752.62,2752-62,BMP-14
seq.2762.30,2762-30,FGF-19
seq.2771.35,2771-35,IGFBP-1
seq.2774.10,2774-10,IL-16
seq.2775.54,2775-54,IL-17F
seq.2783.18,2783-18,LD78-beta
seq.2788.55,2788-55,MMP-3
seq.2789.26,2789-26,MMP-7
seq.2794.60,2794-60,SOD
seq.2797.56,2797-56,Apo B
seq.2806.49,2806-49,Activin RIB
seq.28100.21,28100-21,HIF3A
seq.2811.27,2811-27,Angiopoietin-1
seq.2813.11,2813-11,ART
seq.2819.23,2819-23,Cadherin-5
seq.2827.23,2827-23,Fractalkine/CX3CL-1
seq.2828.82,2828-82,HAI-1
seq.28281.20,28281-20,GPIX
seq.2833.20,2833-20,Kallikrein 4
seq.2836.68,2836-68,Lipocalin 2
seq.2837.3,2837-3,Met
seq.2843.13,2843-13,SPINT2
seq.2844.53,2844-53,sTie-1
seq.28472.26,28472-26,ACSL4
seq.2849.49,2849-49,AIF1
seq.2851.63,2851-63,C5a
seq.2855.49,2855-49,ERK-1
seq.2857.70,2857-70,Glucocorticoid receptor
seq.2859.69,2859-69,HDAC8
seq.2860.19,2860-19,Karyopherin-a2
seq.2869.68,2869-68,PKC-D
seq.2870.29,2870-29,RAC1
seq.2875.15,2875-15,TBP
seq.2876.74,2876-74,Topoisomerase I
seq.2877.3,2877-3,UBC9
seq.2879.9,2879-9,a1-Antichymotrypsin
seq.2888.49,2888-49,C7
seq.2891.1,2891-1,CD22
seq.2911.27,2911-27,Midkine
seq.2915.6,2915-6,PCNA
seq.2917.3,2917-3,sRANKL
seq.2925.9,2925-9,PAI-1
seq.29279.2,29279-2,CENPQ
seq.2937.10,2937-10,Apo E3
seq.2939.10,2939-10,Artemin
seq.2942.50,2942-50,Cytochrome c
seq.2943.5,2943-5,Cytochrome P450 3A4
seq.2946.52,2946-52,Factor D
seq.2948.58,2948-58,Growth hormone receptor
seq.2952.75,2952-75,IGF-I
seq.2961.1,2961-1,Protein C
seq.2962.50,2962-50,PTHrP
seq.2970.60,2970-60,AREG
seq.2972.57,2972-57,BMP-7
seq.29727.42,29727-42,CBS
seq.2973.15,2973-15,CD36 ANTIGEN
seq.2974.61,2974-61,contactin-1
seq.2975.19,2975-19,CTGF
seq.2976.58,2976-58,Desmoglein-1
seq.2977.7,2977-7,EDAR
seq.2979.8,2979-8,ENA-78
seq.2985.35,2985-35,Gro-a
seq.2989.6,2989-6,IFN-g
seq.2992.59,2992-59,IL-17 sR
seq.2999.6,2999-6,LSAMP
seq.3000.66,3000-66,MBL
seq.3005.5,3005-5,PTP-1B
seq.3007.7,3007-7,Siglec-9
seq.3009.3,3009-3,TGF-b R III
seq.3010.53,3010-53,TSLP
seq.3022.4,3022-4,CTLA-4
seq.3024.18,3024-18,a2-Antiplasmin
seq.3025.50,3025-50,bFGF
seq.3028.36,3028-36,Ck-b-8-1
seq.3029.52,3029-52,DC-SIGN
seq.3035.80,3035-80,IL-19
seq.3037.62,3037-62,IL-1b
seq.3038.9,3038-9,I-TAC
seq.3040.59,3040-59,MIP-1a
seq.3042.7,3042-7,Myoglobin
seq.3043.49,3043-49,ON
seq.3044.3,3044-3,PARC
seq.30509.9,30509-9,PUR2
seq.3052.8,3052-8,"Fas ligand, soluble"
seq.3054.3,3054-3,"Haptoglobin, Mixed Type"
seq.3055.54,3055-54,IL-4 sR
seq.3056.11,3056-11,NKG2D
seq.3066.12,3066-12,Galectin-3
seq.3070.1,3070-1,IL-2
seq.3073.51,3073-51,IL-18 BPa
seq.3074.6,3074-6,LBP
seq.3077.66,3077-66,Coagulation Factor Xa
seq.3079.62,3079-62,TIG2
seq.3083.71,3083-71,XEDAR
seq.3115.64,3115-64,MK01
seq.31183.95,31183-95,IL-27
seq.3122.6,3122-6,SMAC
seq.3132.1,3132-1,VEGF-C
seq.31447.34,31447-34,HMG-1
seq.3151.6,3151-6,IL-2 sRa
seq.31524.5,31524-5,SDF-1b
seq.31534.2,31534-2,PolyUbiquitin K48
seq.31669.124,31669-124,CCT3
seq.3168.8,3168-8,ADAMTS-5
seq.3169.70,3169-70,IDUA
seq.3172.28,3172-28,ARSB
seq.3173.49,3173-49,ASAHL
seq.3174.2,3174-2,ATS1
seq.3175.51,3175-51,ATS13
seq.3178.5,3178-5,CATC
seq.3181.50,3181-50,Cathepsin S
seq.3184.25,3184-25,Coagulation Factor VII
seq.3186.2,3186-2,C2
seq.3187.52,3187-52,CRIS3
seq.3189.61,3189-61,Enterokinase
seq.3192.3,3192-3,Glutamate carboxypeptidase
seq.3194.36,3194-36,GPVI
seq.3196.6,3196-6,HPLN1
seq.3197.70,3197-70,IDE
seq.32015.53,32015-53,"GAPDH, liver"
seq.32024.140,32024-140,HEM0
seq.3209.68,3209-68,MEPE
seq.3209.69,3209-69,MEPE
seq.3212.30,3212-30,ASAH2
seq.3213.65,3213-65,Nidogen
seq.3217.74,3217-74,Protease nexin I
seq.3220.40,3220-40,RET
seq.3232.28,3232-28,TrATPase
seq.3234.23,3234-23,URB
seq.32685.35,32685-35,LRG
seq.3283.21,3283-21,BGH3
seq.3284.75,3284-75,BGN
seq.3285.23,3285-23,C1r
seq.3290.50,3290-50,CD109
seq.3291.30,3291-30,CD23
seq.3292.75,3292-75,CD48
seq.3294.55,3294-55,CFC1
seq.33030.6,33030-6,selenoprotein P
seq.3305.6,3305-6,DLL4
seq.3309.2,3309-2,FCG2A
seq.3310.62,3310-62,FCG2B
seq.3311.27,3311-27,FCG3B
seq.3312.64,3312-64,FCGR1
seq.33157.70,33157-70,HEMH
seq.3316.58,3316-58,Heparin cofactor II
seq.3317.33,3317-33,HTRA2
seq.3321.2,3321-2,IL24
seq.3323.37,3323-37,LRP8
seq.3326.58,3326-58,Nectin-like protein 2
seq.3331.8,3331-8,RGMB
seq.3332.57,3332-57,RGM-C
seq.3336.50,3336-50,TFPI
seq.3339.33,3339-33,TSP2
seq.3340.53,3340-53,TSP4
seq.3343.1,3343-1,Aminoacylase-1
seq.3344.60,3344-60,Antithrombin III
seq.3346.72,3346-72,AURKB
seq.3348.49,3348-49,BMP-1
seq.3359.11,3359-11,CDK8/cyclin C
seq.3360.50,3360-50,Chk2
seq.3366.51,3366-51,ECM1
seq.3367.8,3367-8,FETUB
seq.33753.14,33753-14,GPX4
seq.33770.13,33770-13,XCT
seq.3389.7,3389-7,PCI
seq.3391.10,3391-10,PK3CG
seq.3392.68,3392-68,PKB gamma
seq.3394.81,3394-81,PLK-1
seq.3396.54,3396-54,Renin
seq.3400.49,3400-49,TBK1
seq.3412.7,3412-7,Bcl-2
seq.3413.50,3413-50,BFL1
seq.34171.125,34171-125,NGL1
seq.3419.49,3419-49,CAMK2D
seq.3423.59,3423-59,Chymase
seq.3427.63,3427-63,CSK21
seq.3432.21,3432-21,EPHA3
seq.3437.80,3437-80,Flt-3
seq.3440.7,3440-7,granzyme A
seq.3446.7,3446-7,IL-18 Ra
seq.3447.64,3447-64,IL-8
seq.3448.13,3448-13,IR
seq.34540.29,34540-29,ERFE
seq.3459.49,3459-49,PDGF Rb
seq.3461.58,3461-58,PGCB
seq.34622.86,34622-86,MA1A1
seq.3466.8,3466-8,PRKACA
seq.34665.75,34665-75,LAR
seq.3470.1,3470-1,sE-Selectin
seq.3471.49,3471-49,STK16
seq.3472.40,3472-40,Survivin
seq.3473.78,3473-78,Thrombopoietin Receptor
seq.3474.19,3474-19,Thrombospondin-1
seq.3477.63,3477-63,TrkA
seq.3484.60,3484-60,Angiotensinogen
seq.3485.28,3485-28,b2-Microglobulin
seq.3486.58,3486-58,b-ECGF
seq.3487.32,3487-32,BLC
seq.3488.64,3488-64,Catalase
seq.3495.15,3495-15,GCP-2
seq.3497.13,3497-13,IFN-aA
seq.3504.58,3504-58,LEAP-1
seq.3508.78,3508-78,MDC
seq.35094.53,35094-53,FABPE
seq.3516.60,3516-60,SDF-1
seq.3519.3,3519-3,TARC
seq.3522.57,3522-57,Vasoactive Intestinal Peptide
seq.35262.59,35262-59,PTH2R
seq.35266.111,35266-111,TM16F
seq.3534.14,3534-14,"CD40 ligand, soluble"
seq.3535.84,3535-84,DKK1
seq.3538.26,3538-26,dopa decarboxylase
seq.3554.24,3554-24,Adiponectin
seq.35554.7,35554-7,MCP-1
seq.35712.15,35712-15,GFRa-3
seq.35768.8,35768-8,CD70
seq.3580.25,3580-25,a1-Antitrypsin
seq.3581.53,3581-53,a2-HS-Glycoprotein
seq.3592.4,3592-4,CAMK1
seq.3593.72,3593-72,Caspase-3
seq.3600.2,3600-2,Chitotriosidase-1
seq.3603.60,3603-60,CLC7A
seq.3611.70,3611-70,Endothelin-converting enzyme 1:ECD
seq.3613.62,3613-62,FCN1
seq.3616.3,3616-3,GNS
seq.3617.80,3617-80,HGFA
seq.3623.84,3623-84,LY86
seq.3627.71,3627-71,MMEL2
seq.3628.3,3628-3,MP2K2
seq.3634.5,3634-5,OBCAM
seq.3640.14,3640-14,RAP
seq.3642.4,3642-4,SLAF5
seq.3651.50,3651-50,VEGF sR2
seq.3708.62,3708-62,a2-Macroglobulin
seq.3710.49,3710-49,Angiostatin
seq.3719.2,3719-2,p27Kip1
seq.3727.35,3727-35,PYY
seq.3730.81,3730-81,TNR4
seq.3736.60,3736-60,BMP-6
seq.3741.4,3741-4,IL-5
seq.3758.68,3758-68,Activated Protein C
seq.3761.4,3761-4,COX-2
seq.3773.15,3773-15,sTie-2
seq.3795.6,3795-6,ADAM 9
seq.3796.79,3796-79,ANGL4
seq.3798.71,3798-71,Carbonic anhydrase 9
seq.3799.11,3799-11,Carbonic anhydrase III
seq.3800.71,3800-71,CK-BB
seq.3807.1,3807-1,FGF23
seq.3808.76,3808-76,FGFR-2
seq.3817.18,3817-18,KPCT
seq.3831.21,3831-21,pTEN
seq.3835.11,3835-11,TLR2
seq.3837.6,3837-6,ZAP70
seq.3839.60,3839-60,AIP
seq.3844.2,3844-2,Cyclophilin A
seq.3845.51,3845-51,DLRB1
seq.3847.56,3847-56,ETHE1
seq.3853.56,3853-56,MDHC
seq.3855.56,3855-56,Peroxiredoxin-1
seq.3858.5,3858-5,PPAC
seq.3860.7,3860-7,PSA6
seq.3873.51,3873-51,TMA
seq.3874.8,3874-8,UB2L3
seq.3887.90,3887-90,IMB1
seq.3888.8,3888-8,ING1
seq.3889.64,3889-64,Lamin-B1
seq.3890.8,3890-8,LDH-H 1
seq.3896.5,3896-5,Phosphoglycerate mutase 1
seq.4125.52,4125-52,sRAGE
seq.4126.22,4126-22,BPI
seq.4127.75,4127-75,C6
seq.4129.72,4129-72,Factor B
seq.4130.71,4130-71,FGF-6
seq.4131.72,4131-72,Fibronectin
seq.4132.27,4132-27,FST
seq.4138.25,4138-25,IL-20
seq.4140.3,4140-3,IL-7
seq.4141.79,4141-79,IP-10
seq.4145.58,4145-58,Neurotrophin-3
seq.4146.58,4146-58,Neurotrophin-5
seq.4149.8,4149-8,PDGF-BB
seq.4150.75,4150-75,Plasmin
seq.4151.6,4151-6,Plasminogen
seq.4152.58,4152-58,Prekallikrein
seq.4155.3,4155-3,Tenascin
seq.4156.74,4156-74,TGF-b2
seq.4157.2,4157-2,Thrombin
seq.4158.54,4158-54,uPA
seq.4159.130,4159-130,Factor H
seq.4160.49,4160-49,MMP-2
seq.4162.54,4162-54,Transferrin
seq.4187.49,4187-49,6-Phosphogluconate dehydrogenase
seq.4188.1,4188-1,Aflatoxin B1 aldehyde reductase
seq.4192.10,4192-10,AK1A1
seq.4203.50,4203-50,Cofilin-1
seq.4209.60,4209-60,DRG-1
seq.4232.19,4232-19,IGF-I sR
seq.4234.8,4234-8,IL-1 R4
seq.4240.31,4240-31,M2-PK
seq.4250.23,4250-23,NSF1C
seq.4254.6,4254-6,NUDC3
seq.4261.55,4261-55,paraoxonase 1
seq.4276.10,4276-10,prostatic binding protein
seq.4282.3,4282-3,RAN
seq.4284.18,4284-18,RBM39
seq.4306.4,4306-4,Transketolase
seq.4309.59,4309-59,Triosephosphate isomerase
seq.4314.12,4314-12,XTP3A
seq.4318.12,4318-12,PTP-1C
seq.4322.28,4322-28,AMNLS
seq.4328.2,4328-2,BOC
seq.4337.49,4337-49,CRP
seq.4342.10,4342-10,sICAM-1
seq.4355.13,4355-13,DAPK2
seq.4374.45,4374-45,MIC-1
seq.4423.77,4423-77,BCL2-like 1 protein
seq.4430.44,4430-44,Collectin Kidney 1
seq.4435.66,4435-66,ENPP7
seq.4437.56,4437-56,ENTP5
seq.4440.15,4440-15,FCRL3
seq.4467.49,4467-49,SPARCL1
seq.4472.5,4472-5,Tropomyosin 2
seq.4479.14,4479-14,C1-Esterase Inhibitor
seq.4480.59,4480-59,C3b
seq.4487.1,4487-1,FGF7
seq.4491.4,4491-4,IL-5 Ra
seq.4493.92,4493-92,IL-11
seq.4496.60,4496-60,MMP-12
seq.4499.21,4499-21,PDGF-AA
seq.4500.50,4500-50,SCGF-alpha
seq.4535.50,4535-50,BST1
seq.4540.11,4540-11,CBX5
seq.4542.24,4542-24,Clusterin
seq.4545.53,4545-53,DnaJ homolog
seq.4546.27,4546-27,EMR2
seq.4547.59,4547-59,FLRT1
seq.4559.64,4559-64,KYNU
seq.4560.34,4560-34,LCK
seq.4563.61,4563-61,PLCG1
seq.4567.82,4567-82,SH21A
seq.4588.1,4588-1,PH
seq.4673.13,4673-13,IL-6
seq.4697.59,4697-59,GM-CSF
seq.4708.3,4708-3,17-beta-HSD 1
seq.4717.55,4717-55,IL-3
seq.4718.5,4718-5,PPIB
seq.4719.58,4719-58,Protein disulfide isomerase A3
seq.4763.31,4763-31,Afamin
seq.4785.30,4785-30,CBG
seq.4811.33,4811-33,ITI heavy chain H4
seq.4815.25,4815-25,TXD12
seq.4829.43,4829-43,STRATIFIN
seq.4831.4,4831-4,sL-Selectin
seq.4834.61,4834-61,Epithelial cell kinase
seq.4840.73,4840-73,G-CSF
seq.4842.62,4842-62,Glypican 3
seq.4851.25,4851-25,IL-1a
seq.4859.6,4859-6,BMPR1A
seq.4862.63,4862-63,BMP RII
seq.4866.59,4866-59,TrkB
seq.4874.3,4874-3,Angiogenin
seq.4878.3,4878-3,Coagulation Factor X
seq.4883.56,4883-56,Insulin
seq.4886.3,4886-3,MCP-3
seq.4891.50,4891-50,Glucagon
seq.4900.8,4900-8,C3a
seq.4905.63,4905-63,Coactosin-like protein
seq.4908.6,4908-6,Endoglin
seq.4918.21,4918-21,"Kininogen, HMW"
seq.4922.13,4922-13,MIP-3b
seq.4924.32,4924-32,MMP-1
seq.4956.2,4956-2,EPI
seq.4959.2,4959-2,AGR2
seq.4960.72,4960-72,annexin I
seq.4961.17,4961-17,annexin II
seq.4965.27,4965-27,ATP synthase beta chain
seq.4967.1,4967-1,C1QBP
seq.4969.2,4969-2,Carbonic anhydrase I
seq.4970.50,4970-50,carbonic anhydrase II
seq.4976.57,4976-57,CRK
seq.4979.34,4979-34,DERM
seq.4985.11,4985-11,FABPE
seq.4988.49,4988-49,FGFR4
seq.4990.87,4990-87,GP1BA
seq.4995.16,4995-16,HPG-
seq.4996.66,4996-66,HRG
seq.5007.1,5007-1,MAPK14
seq.5008.51,5008-51,Mn SOD
seq.5009.11,5009-11,Moesin
seq.5011.11,5011-11,PBEF
seq.5012.67,5012-67,"Myokinase, human"
seq.5013.2,5013-2,NCC27
seq.5014.49,5014-49,NCK1
seq.5015.15,5015-15,PAFAH
seq.5018.68,5018-68,Peroxiredoxin-6
seq.5019.16,5019-16,PGP9.5
seq.5021.13,5021-13,PPase
seq.5023.23,5023-23,PUR8
seq.5028.59,5028-59,sCD163
seq.5030.52,5030-52,SIRT2
seq.5034.79,5034-79,Trypsin 2
seq.5035.7,5035-7,TS
seq.5060.62,5060-62,B7-H1
seq.5063.12,5063-12,CD244
seq.5065.8,5065-8,CD83
seq.5065.98,5065-98,CD83
seq.5069.9,5069-9,DAF
seq.5085.18,5085-18,IL-20 Ra
seq.5088.175,5088-175,IL-23 R
seq.5089.11,5089-11,IL-7 Ra
seq.5092.51,5092-51,JAG1:ECD
seq.5093.47,5093-47,JAG2
seq.5100.53,5100-53,LIMP II
seq.5107.7,5107-7,Notch 1
seq.5109.24,5109-24,Nr-CAM
seq.5111.15,5111-15,NRX3B
seq.5112.73,5112-73,OX2G
seq.5117.14,5117-14,ROBO3
seq.5138.50,5138-50,TWEAKR
seq.5228.25,5228-25,KIF23
seq.5230.99,5230-99,HMGR
seq.5248.68,5248-68,Cyclophilin F
seq.5255.22,5255-22,PDE4D
seq.5260.80,5260-80,TYK2
seq.5264.65,5264-65,calreticulin
seq.5275.28,5275-28,VAV
seq.5301.7,5301-7,Eotaxin
seq.5316.54,5316-54,Prothrombin
seq.5337.64,5337-64,B7-2
seq.5339.49,5339-49,calgranulin B
seq.5340.24,5340-24,Caspase-10:region 1
seq.5343.74,5343-74,CBPE
seq.5350.14,5350-14,GPC6
seq.5351.52,5351-52,hnRNP A2/B1
seq.5353.89,5353-89,IL-1Ra
seq.5357.60,5357-60,NLGNX
seq.5358.3,5358-3,OMD
seq.5364.7,5364-7,SET
seq.5383.14,5383-14,BAFF Receptor
seq.5400.52,5400-52,sLeptin R
seq.5412.53,5412-53,CD27
seq.5424.55,5424-55,RANK
seq.5437.63,5437-63,FABP
seq.5440.26,5440-26,"Troponin I, skeletal, fast twitch"
seq.5451.1,5451-1,ALCAM
seq.5463.22,5463-22,GAS1
seq.5464.52,5464-52,GRB2 adapter protein
seq.5465.32,5465-32,H6ST1
seq.5475.10,5475-10,PKC-B-II
seq.5480.49,5480-49,RANTES
seq.5481.16,5481-16,RASA1
seq.5489.18,5489-18,Stress-induced-phosphoprotein 1
seq.5490.53,5490-53,Testican-1
seq.5508.62,5508-62,Cathepsin D
seq.5509.7,5509-7,EGF:ECD
seq.5526.53,5526-53,GITR
seq.5532.53,5532-53,bFGF-R
seq.5581.28,5581-28,FGL1
seq.5596.75,5596-75,CD5:ECD
seq.5599.88,5599-88,PCYXL
seq.5606.24,5606-24,MFAP1
seq.5618.50,5618-50,FAM3B
seq.5628.21,5628-21,SEM3G
seq.5630.48,5630-48,CM35H
seq.5632.6,5632-6,CRAC1
seq.5634.39,5634-39,OFUT1
seq.5635.66,5635-66,TREM2
seq.5637.81,5637-81,NTNG1
seq.5638.23,5638-23,GT251
seq.5658.64,5658-64,coagulation factor XIII B
seq.5661.15,5661-15,IL-18
seq.5687.5,5687-5,GLU2B
seq.5692.79,5692-79,TNF-a
seq.5694.57,5694-57,SMOC1
seq.5698.60,5698-60,Tenascin-X
seq.5737.61,5737-61,SEM4D
seq.5740.17,5740-17,ROBO1
seq.5748.20,5748-20,Acid ceramidase
seq.5756.66,5756-66,PAPP2
seq.5757.45,5757-45,GNAS3
seq.5792.8,5792-8,AFP
seq.5798.3,5798-3,BID
seq.5801.72,5801-72,b-NGF
seq.5803.24,5803-24,C3d
seq.5810.25,5810-25,Cripto
seq.5813.58,5813-58,Epo
seq.5822.22,5822-22,GDNF
seq.5825.49,5825-49,IFN-g R1
seq.5834.18,5834-18,IL-9
seq.5837.49,5837-49,LIF sR
seq.5843.60,5843-60,NG36
seq.5846.24,5846-24,Noggin
seq.5852.6,5852-6,S100A12
seq.5854.60,5854-60,tau
seq.5864.10,5864-10,aldolase A
seq.5867.60,5867-60,ARGI1
seq.5870.23,5870-23,BAD
seq.5882.34,5882-34,EF-1-beta
seq.5888.29,5888-29,eIF-5A-1
seq.5897.58,5897-58,Gastrin-releasing peptide
seq.5903.91,5903-91,HSP70 protein 8
seq.5909.51,5909-51,Nucleoside diphosphate kinase A
seq.5915.58,5915-58,PEX5
seq.5918.5,5918-5,PSME1
seq.5939.42,5939-42,TWEAK
seq.5954.62,5954-62,PTH
seq.5957.30,5957-30,Somatostatin-28
seq.5988.49,5988-49,LIGHT
seq.6035.2,6035-2,SIAT1
seq.6064.4,6064-4,TXNDC4
seq.6077.63,6077-63,CECR1
seq.6081.52,6081-52,PCOC2
seq.6123.69,6123-69,p53
seq.6221.1,6221-1,ADPGK
seq.6225.3,6225-3,Prostasin
seq.6227.1,6227-1,kallikrein 10
seq.6232.54,6232-54,B7-2
seq.6255.74,6255-74,CPXM1
seq.6296.36,6296-36,OIT3
seq.6375.75,6375-75,XXLT1
seq.6404.20,6404-20,C1QRF
seq.6408.2,6408-2,INHBC
seq.6416.8,6416-8,GKN2
seq.6423.66,6423-66,C1QL2
seq.6433.57,6433-57,FA20A
seq.6455.52,6455-52,HPLN4
seq.6472.40,6472-40,GP100
seq.6478.2,6478-2,IGLO5
seq.6491.59,6491-59,kallikrein 15
seq.6495.14,6495-14,Endothelin 1
seq.6504.65,6504-65,Lysyl oxidase-like protein 2
seq.6507.16,6507-16,NCAM2
seq.6556.5,6556-5,ENPP5
seq.6558.5,6558-5,COL10
seq.6593.5,6593-5,GALT3
seq.6603.18,6603-18,KALM
seq.6620.82,6620-82,LIGO1
seq.6645.53,6645-53,Periostin
seq.6647.55,6647-55,PolyUbiquitin K63
seq.6651.74,6651-74,PolyUbiquitin K48
seq.6918.183,6918-183,CCKN
seq.6923.1,6923-1,PLOD2
seq.6935.123,6935-123,BAMBI:CD
seq.6990.44,6990-44,SDF2L
seq.6997.32,6997-32,RAB26
seq.7089.42,7089-42,SYT11
seq.7092.7,7092-7,PDILT
seq.7096.30,7096-30,RMD1
seq.7099.33,7099-33,FSTL5
seq.7100.31,7100-31,CD2
seq.7116.31,7116-31,OSCAR
seq.7117.21,7117-21,SPI2
seq.7124.18,7124-18,IL-21
seq.7137.8,7137-8,MSRA
seq.7140.1,7140-1,ELA2A
seq.7142.5,7142-5,CBPN
seq.7145.1,7145-1,ITIH3
seq.7152.5,7152-5,TIMD3
seq.7196.21,7196-21,IFN-w
seq.7199.3,7199-3,SYN3
seq.7200.4,7200-4,LRFN2
seq.7202.107,7202-107,SEMA6C
seq.7218.87,7218-87,AT1B2
seq.7241.12,7241-12,CD3-zeta
seq.7247.1,7247-1,GORAB
seq.7266.4,7266-4,SPA9
seq.7628.40,7628-40,CREL1
seq.7660.21,7660-21,Tropomyosin 4
seq.7735.17,7735-17,PEDF
seq.7755.37,7755-37,ITB5
seq.7767.1,7767-1,CF126
seq.7789.182,7789-182,PRDX4
seq.7803.4,7803-4,CHST1
seq.7805.52,7805-52,GOS-28
seq.7831.39,7831-39,RBP
seq.7849.3,7849-3,Glutaminyl cyclase
seq.7852.9,7852-9,IF3M
seq.7854.38,7854-38,NR3L1
seq.7863.50,7863-50,PGRC1
seq.7870.8,7870-8,CNDP1
seq.7875.86,7875-86,PLEK
seq.7905.30,7905-30,HPT
seq.7909.37,7909-37,SHBG
seq.7918.114,7918-114,"Amylase, alpha 1A"
seq.7920.30,7920-30,SIA8B
seq.7924.7,7924-7,CD3G
seq.7933.75,7933-75,ADA22
seq.7953.20,7953-20,SLAF1
seq.7955.195,7955-195,ITI heavy chain H1
seq.7957.2,7957-2,SCG3
seq.7959.34,7959-34,CADH7
seq.7968.15,7968-15,CRTAM
seq.8006.12,8006-12,DJB12
seq.8033.1,8033-1,DJC18
seq.8034.6,8034-6,DRGX
seq.8040.9,8040-9,LEMD1
seq.8059.1,8059-1,Tpo
seq.8069.85,8069-85,CD3E
seq.8081.55,8081-55,PLD5
seq.8086.49,8086-49,ITM2B
seq.8091.16,8091-16,MASP3:Heavy
seq.8094.20,8094-20,CISD2
seq.8099.42,8099-42,SPON2
seq.8221.19,8221-19,MIF
seq.8225.86,8225-86,EPHB2
seq.8235.48,8235-48,SCG1
seq.8237.56,8237-56,SOSD1
seq.8239.223,8239-223,Pseudocholinesterase
seq.8240.207,8240-207,GPNMB:ECD
seq.8242.9,8242-9,CLC2L
seq.8243.55,8243-55,TATI
seq.8264.43,8264-43,DLL1
seq.8280.238,8280-238,Vitronectin
seq.8295.16,8295-16,NOE2
seq.8299.66,8299-66,LIRA4
seq.8304.50,8304-50,OPG
seq.8320.5,8320-5,SLTM
seq.8358.30,8358-30,Peroxiredoxin-3
seq.8368.102,8368-102,TNF sR-II
seq.8369.28,8369-28,DAG1
seq.8400.74,8400-74,Gastrin-releasing peptide
seq.8407.84,8407-84,NOTC2
seq.8418.30,8418-30,b-Catenin
seq.8424.269,8424-269,b-Catenin
seq.8427.118,8427-118,RSPO3
seq.8458.16,8458-16,a-Synuclein
seq.8463.2,8463-2,SOD3
seq.8470.213,8470-213,RNase H1
seq.8480.29,8480-29,FBLN3
seq.8484.24,8484-24,Leptin
seq.8485.7,8485-7,KEAP1
seq.8494.1,8494-1,C3
seq.8535.102,8535-102,Dermokine
seq.8644.46,8644-46,Cathepsin H
seq.8659.68,8659-68,G6B:CD
seq.8664.36,8664-36,PKDCC
seq.8766.29,8766-29,LIRA5
seq.8795.48,8795-48,TR:ECD
seq.8811.24,8811-24,BAMBI:ECD
seq.8833.43,8833-43,TRAIL
seq.8837.8,8837-8,MFA3L
seq.8841.65,8841-65,CILP2
seq.8863.3,8863-3,P85A
seq.8866.53,8866-53,QPCTL
seq.8893.29,8893-29,PARP:region 1
seq.8900.28,8900-28,NEO1
seq.8916.32,8916-32,STIM1:CD
seq.8918.64,8918-64,FAK2:FAT
seq.8923.94,8923-94,GLTL1
seq.8932.1,8932-1,ENTP6
seq.8933.84,8933-84,MEF2C
seq.8951.162,8951-162,CSPG4
seq.8952.65,8952-65,G-CSF
seq.8957.72,8957-72,XTP3B
seq.8960.3,8960-3,LRAP
seq.8971.9,8971-9,NRX1A
seq.8982.65,8982-65,TSP3
seq.8992.1,8992-1,TMEM2
seq.9002.36,9002-36,SPA11
seq.9013.60,9013-60,NET1
seq.9057.19,9057-19,ADRM1
seq.9068.17,9068-17,JKIP3
seq.9169.14,9169-14,SUMO3
seq.9171.11,9171-11,CSRP3
seq.9172.69,9172-69,MMP-8
seq.9177.6,9177-6,FAM3B
seq.9185.15,9185-15,TFF1
seq.9188.119,9188-119,MIG
seq.9196.8,9196-8,Galectin-7
seq.9197.4,9197-4,LEG9
seq.9201.13,9201-13,Transgelin-2
seq.9204.33,9204-33,Corticotropin-lipotropin
seq.9211.19,9211-19,PEDF
seq.9213.24,9213-24,FTCD
seq.9216.100,9216-100,PLXB2
seq.9224.20,9224-20,Prolactin Receptor
seq.9226.6,9226-6,TMUB2
seq.9237.54,9237-54,Lysosomal acid phosphatase
seq.9255.5,9255-5,IL-17C
seq.9259.35,9259-35,DR6
seq.9278.9,9278-9,SDF-1
seq.9282.12,9282-12,CRIS2
seq.9283.8,9283-8,CD44
seq.9288.7,9288-7,FKBP7
seq.9294.45,9294-45,MFAP2
seq.9296.15,9296-15,PTPRD
seq.9303.9,9303-9,B7-H2
seq.9326.33,9326-33,ITI heavy chain H2
seq.9332.6,9332-6,DB136
seq.9343.16,9343-16,IL-2 sRb
seq.9365.91,9365-91,EYS
seq.9377.25,9377-25,SCF
seq.9378.6,9378-6,FBCD1
seq.9385.4,9385-4,GAA
seq.9388.18,9388-18,MCEE
seq.9409.11,9409-11,TRYB1
seq.9443.137,9443-137,cathepsin K
seq.9450.18,9450-18,CDKA1
seq.9451.20,9451-20,Uromodulin
seq.9456.34,9456-34,IL-22BP
seq.9459.7,9459-7,"Fas, soluble"
seq.9504.19,9504-19,RB27A
seq.9522.3,9522-3,AIF
seq.9532.5,9532-5,WBP1L
seq.9598.23,9598-23,CSMD1
seq.9754.33,9754-33,Quinone reductase 2
seq.9769.48,9769-48,DNER:ECD
seq.9778.45,9778-45,TM52B
seq.9783.75,9783-75,DJC11
seq.9805.51,9805-51,SEM4B
seq.9808.41,9808-41,TNR6B
seq.9815.5,9815-5,RHG01:CRAL-TRIO
seq.9823.2,9823-2,DYR
seq.9826.135,9826-135,Fragile histidine triad protein
seq.9837.60,9837-60,NAD(P)H dehydrogenase
seq.9842.2,9842-2,b-Catenin
seq.9844.138,9844-138,ACTN2
seq.9845.33,9845-33,PARK7
seq.9848.22,9848-22,Cyclin H
seq.9854.36,9854-36,Aldose reductase
seq.9855.10,9855-10,Rho A
seq.9859.180,9859-180,SSAT-1
seq.9869.28,9869-28,NF-kappa-B p105
seq.9872.23,9872-23,CTNA2
seq.9873.17,9873-17,ERRalpha
seq.9875.107,9875-107,THOC1
seq.9877.28,9877-28,CRKL
seq.9886.28,9886-28,XRCC4
seq.9889.42,9889-42,AF1L1
seq.9907.216,9907-216,Tankyrase-1
seq.9930.48,9930-48,GABR2:CD
seq.9971.5,9971-5,CSMD2
