"","Protein","p_value","FDR","OverexpressedAt","emmean"
"1","P35609",2.29647432695863e-18,3.44471149043794e-15,"D2",13.0709400539713
"2","O60662",1.04139277912196e-17,7.81044584341472e-15,"D1",10.969786499664
"3","P48788",1.94292117475921e-17,9.71460587379603e-15,"D1",14.3005253699001
"4","P48788.1",4.5872680690816e-17,1.7202255259056e-14,"D2",14.0853413266135
"5","P06732",4.49680779500823e-16,1.34904233850247e-13,"D1",11.7418987585498
"6","P49746",1.1529148281584e-13,2.882287070396e-11,"D4",13.4028928732376
"7","P07451",8.51995680109722e-13,1.82570502880655e-10,"D1",13.0044071041382
"8","P21695.1",1.27897336696875e-12,2.3980750630664e-10,"D1",14.1855729334988
"9","P0DJI8",1.86110049477806e-12,3.10183415796344e-10,"D2",16.8061493401925
"10","P35443",2.07115042835671e-12,3.10672564253507e-10,"D5",14.7254555540389
"11","Q99941",1.16164469410664e-11,1.58406094650906e-09,"D2",11.5520807580917
"12","P05413",4.43388213176403e-11,5.54235266470503e-09,"D1",15.3939970797138
"13","P02144",4.88640324299449e-11,5.63815758807056e-09,"D1",11.4170220801237
"14","P02786",8.72095538839238e-11,9.34388077327755e-09,"D3",12.7776387732249
"15","Q6FHJ7",9.55565294281607e-11,9.55565294281607e-09,"D4",13.2995232378421
"16","P13929",1.50995894049483e-10,1.4155865067139e-08,"D1",11.9808299049498
"17","P05154",2.6553386802955e-10,2.34294589437838e-08,"D1",16.2160419768583
"18","P18428",1.47857685828622e-09,1.23214738190518e-07,"D2",16.1852404137421
"19","Q08830",1.95861354306974e-09,1.5462738497919e-07,"D2",17.3230028316505
"20","P14210",2.54905759156259e-09,1.91179319367194e-07,"D2",11.5934928824282
"21","Q06033",2.69362680249972e-09,1.92401914464266e-07,"D2",10.9896004419122
"22","Q9UGM5",2.99382544965077e-09,2.04124462476189e-07,"D3",13.6335240397591
"23","O43251",4.00311827578496e-09,2.61072931029454e-07,"D1",8.75263225334885
"24","Q16674",5.36372149253434e-09,3.2919615877972e-07,"D5",11.4071912249459
"25","P05546",5.48660264632866e-09,3.2919615877972e-07,"D4",12.8491629976697
"26","P46783",5.80776385957275e-09,3.35063299590735e-07,"D3",9.52380117584212
"27","P09871",9.47115709620719e-09,5.07383415868242e-07,"D2",13.7723798727549
"28","P55001",9.35446404665808e-09,5.07383415868242e-07,"D5",9.37258560927693
"29","Q9BQ69",1.1011884223861e-08,5.69580218475567e-07,"D3",9.52876805623583
"30","Q15113",1.20561076327443e-08,6.02805381637214e-07,"D4",12.1467850048331
"31","P42892",1.31169213088863e-08,6.34689740752561e-07,"D5",10.6963529365544
"32","P81172",1.51194367001976e-08,7.08723595321765e-07,"D2",11.2982682723583
"33","Q14956",1.76480907890609e-08,8.02185944957315e-07,"D5",12.5926613995195
"34","P03952",2.24914900094485e-08,9.92271618063903e-07,"D1",16.2220433087247
"35","Q01638",2.36379871435769e-08,1.01305659186758e-06,"D2",12.9598296907472
"36","Q03692",3.67481054395908e-08,1.53117105998295e-06,"D3",9.16152830638929
"37","P21695",4.57120940744499e-08,1.85319300301824e-06,"D1",11.2749230486237
"38","P02748",5.0336015614168e-08,1.98694798476979e-06,"D2",16.7884022554576
"39","P23352",5.79392324916556e-08,2.22843201890983e-06,"D4",10.6719015222587
"40","Q13790",6.24606984130137e-08,2.34227619048801e-06,"D2",13.250280242777
"41","Q01344.1",7.0712189521871e-08,2.58703132397089e-06,"D2",10.5013044441572
"42","Q9UKZ9",8.07558229306179e-08,2.88413653323635e-06,"D5",14.1100529804592
"43","P01588",8.54005516970884e-08,2.97908901268913e-06,"D2",10.9764353453413
"44","P21741",1.07599407719343e-07,3.66816162679578e-06,"D2",12.1668492833188
"45","P48061",1.12587238570988e-07,3.75290795236627e-06,"D5",11.4807069395282
"46","Q9UKY1",1.21961544944329e-07,3.97700690035855e-06,"D1",8.71315659422539
"47","P01019",1.35918616939567e-07,4.33782820019893e-06,"D2",13.4897669378669
"48","P01031.1",1.50119265185849e-07,4.69122703705777e-06,"D2",13.3227833166039
"49","P00450",1.57551037213411e-07,4.82299093510441e-06,"D3",11.3460715753034
"50","Q5VWP3",2.20460254805269e-07,6.61380764415808e-06,"D1",7.69195703594627
"51","Q8N428",2.34643321606049e-07,6.90127416488379e-06,"D5",11.2443708502257
"52","P20023",2.48295133138373e-07,7.13476339554637e-06,"D5",13.1484002739608
"53","Q15063",2.52094973309305e-07,7.13476339554637e-06,"D4",13.1623592118688
"54","Q8IUL8",2.65745546476316e-07,7.38182073545323e-06,"D5",10.8846240456212
"55","Q4G0M1",3.5409328464107e-07,9.65708958112008e-06,"D2",8.72462136976406
"56","Q99594",3.88700550213696e-07,1.02749410108826e-05,"D1",9.307550960993
"57","P80303",3.97297719087462e-07,1.02749410108826e-05,"D2",9.95816526606396
"58","P04070.1",3.92813001117406e-07,1.02749410108826e-05,"D1",9.371283102683
"59","P13671",4.09530417604787e-07,1.04117902780878e-05,"D2",16.3466551432905
"60","Q96PD4",4.70930458294846e-07,1.17732614573712e-05,"D3",8.80430740487378
"61","P24158",4.89834147472123e-07,1.20451019870194e-05,"D2",11.5362222136951
"62","P14780",5.07046952933805e-07,1.20725464984239e-05,"D1",15.6912512016349
"63","Q96HD1",5.0348596145844e-07,1.20725464984239e-05,"D2",11.6013551130865
"64","P43403",5.64969387584143e-07,1.32414700215034e-05,"D5",9.20211797844448
"65","Q9UQ52",5.94414997623592e-07,1.37172691759291e-05,"D5",10.8964707835884
"66","Q13427",6.35766829286835e-07,1.44492461201553e-05,"D3",10.0691306197341
"67","O95396",6.8147470498412e-07,1.52568963802415e-05,"D3",10.3980092616941
"68","P05231",7.21414791388764e-07,1.59135615747522e-05,"D2",9.71544331618685
"69","Q92994",7.3376271230591e-07,1.59513633109981e-05,"D2",8.83518473503035
"70","Q86SE5",7.51542681718817e-07,1.61044860368318e-05,"D3",9.26311829929279
"71","Q9NUP9",9.08652768777746e-07,1.919688948122e-05,"D3",7.70329434588715
"72","Q8N474",9.41208293784639e-07,1.95723916174746e-05,"D2",13.6313520855849
"73","P24298",9.52523058717095e-07,1.95723916174746e-05,"D2",12.1229576696635
"74","P80511",1.12625364194028e-06,2.28294657150056e-05,"D3",12.5312539058406
"75","P29373",1.23202649675633e-06,2.40005161705779e-05,"D1",13.6086481788712
"76","P80098",1.22193886044962e-06,2.40005161705779e-05,"D2",8.28927359279612
"77","P06702",1.21133609812059e-06,2.40005161705779e-05,"D1",13.0404831549184
"78","Q8IUK8",1.25958831639676e-06,2.42228522383993e-05,"D5",10.9563873114535
"79","Q16651.1",1.42657099670494e-06,2.7086791076676e-05,"D1",12.0002525106621
"80","P08246",1.45806837473036e-06,2.73387820261943e-05,"D1",16.3197680909667
"81","P37837",1.55254014705214e-06,2.87507434639286e-05,"D1",14.2637049587685
"82","P21583",1.61579795490986e-06,2.95572796629852e-05,"D5",10.7687983222448
"83","P00747.2",1.67516542906409e-06,3.02740740192305e-05,"D5",13.3709475437137
"84","Q92743",1.80696921102541e-06,3.22240371349107e-05,"D2",14.7812805468024
"85","O15527",1.84751146240155e-06,3.22240371349107e-05,"D1",7.2350824095536
"86","P04179",1.8309205901341e-06,3.22240371349107e-05,"D5",14.0690676447432
"87","Q96EB6",1.9235020540483e-06,3.31638285180742e-05,"D3",12.0301223993043
"88","P14598",2.07951115437648e-06,3.4277656390821e-05,"D1",10.8092455914981
"89","O43248",2.07305313987877e-06,3.4277656390821e-05,"D3",11.6833266392215
"90","P15907",2.06239903730748e-06,3.4277656390821e-05,"D1",9.85110287316554
"91","P02753",2.07180565277617e-06,3.4277656390821e-05,"D3",14.7463601451629
"92","P35968",2.27660978645172e-06,3.68922500118589e-05,"D5",12.9176975038591
"93","Q9NZC2",2.28731950073525e-06,3.68922500118589e-05,"D3",12.4705085368536
"94","Q9Y625",2.31968023230368e-06,3.70161739197396e-05,"D1",9.95020255624129
"95","Q7Z5L3",2.74790326359584e-06,4.32792874795211e-05,"D5",8.29666122647727
"96","P11142",2.76987439868935e-06,4.32792874795211e-05,"D1",11.7570199283831
"97","P08697",2.89637900417503e-06,4.47893660439437e-05,"D2",13.2695326764117
"98","Q8IXJ6",2.96096389987632e-06,4.53208760185151e-05,"D1",12.8865757375867
"99","Q8WWZ8",3.13068736728338e-06,4.74346570800512e-05,"D1",9.4475947513333
"100","Q86UN2",3.16893695136625e-06,4.75236896551883e-05,"D5",11.015613294406
"101","A6NGB7",3.19992843678268e-06,4.75236896551883e-05,"D5",9.2886876185168
"102","P52789",3.37544717040894e-06,4.9638928976602e-05,"D1",10.7206398865376
"103","P07951",3.49397186746298e-06,5.088308544849e-05,"D3",11.6270172232031
"104","P11474",3.54346693718359e-06,5.11076962093787e-05,"D4",9.4180268325764
"105","O00429",3.72118335166906e-06,5.31597621667008e-05,"D3",12.030625950407
"106","Q01469",3.85933271521827e-06,5.46131988002585e-05,"D3",9.66288085882015
"107","P16619",4.08005118872398e-06,5.71969792811773e-05,"D3",10.6836735553295
"108","P32970",4.71708429387329e-06,6.51816738394911e-05,"D3",8.5168900995535
"109","P29323",4.73653496566968e-06,6.51816738394911e-05,"D5",10.9214569214576
"110","Q9NQ79",4.94351662390444e-06,6.74115903259696e-05,"D5",10.3259312667458
"111","P02792",5.23575023683474e-06,7.01216549576081e-05,"D2",13.4078030110718
"112","O95897",5.20822725362735e-06,7.01216549576081e-05,"D5",14.8199872280804
"113","P13725",5.39608447670084e-06,7.16294399562058e-05,"D3",11.6033978171672
"114","P06276",5.64406050538637e-06,7.42639540182417e-05,"D5",15.9048818248619
"115","O95168",5.83286180321232e-06,7.60808061288563e-05,"D3",10.4399307118782
"116","P10451",5.9858648243121e-06,7.74034244523116e-05,"D2",9.74025781233454
"117","P29460",6.11620199311163e-06,7.7939242580364e-05,"D4",10.0742447464623
"118","O00626",6.13122041632197e-06,7.7939242580364e-05,"D4",14.4513381863559
"119","Q6YHK3",6.56571767006183e-06,8.27611471016197e-05,"D5",9.95333873078286
"120","P09603",6.78739227977653e-06,8.48424034972066e-05,"D2",7.18205591317195
"121","Q9NZK5",7.0646342958362e-06,8.75781111054075e-05,"D5",13.0767876059502
"122","P35243",7.21627322139909e-06,8.87246707549068e-05,"D2",8.20722117002704
"123","P29460.1",7.37854064199855e-06,8.97209554551036e-05,"D4",8.1630462565537
"124","P51671",7.41693231762189e-06,8.97209554551036e-05,"D5",12.9511570533836
"125","Q01344",7.80280618326561e-06,9.36336741991874e-05,"D2",10.6987490479813
"126","P15121",8.34330438700506e-06,9.93250522262508e-05,"D1",13.6164041559894
"127","P39900",9.22847421899526e-06,0.000108997726996007,"D3",10.6354447757583
"128","P51692",9.47071023552442e-06,0.000110984885572552,"D2",9.43692674409228
"129","Q8N539",1.05455522657364e-05,0.000122622700764377,"D3",8.77809606889083
"130","P07355",1.08362161825799e-05,0.000125033263645152,"D1",10.1511741608889
"131","Q9NNX6",1.22397188338725e-05,0.00014014945229625,"D1",10.9188056972434
"132","Q8WTV0",1.25074881818951e-05,0.000142130547521535,"D5",9.63077708429232
"133","P01215",1.26591357417496e-05,0.000142772207613717,"D3",11.3774007440241
"134","Q5JSQ8",1.39273482783223e-05,0.000155903152369279,"D3",10.9262296668253
"135","Q9H900",1.40657797944735e-05,0.000156286442160817,"D3",11.0024827576051
"136","P33151",1.43592212990535e-05,0.000158373764327796,"D5",13.171112620566
"137","P05060",1.46889862585216e-05,0.000160828316699141,"D1",9.23610371700783
"138","Q04721",1.49885118867155e-05,0.000162918607464298,"D5",11.9254562135869
"139","P26992",1.51632204294114e-05,0.000163631875137533,"D5",9.63446127079615
"140","O15394",1.57752535813338e-05,0.00016902057408572,"D5",12.2268236429576
"141","Q13145.1",1.6110744068168e-05,0.000171390894342213,"D3",10.9710343848767
"142","Q9H4F8",1.70066622602711e-05,0.000179647840777511,"D2",15.05667944005
"143","Q712K3",1.73780208017839e-05,0.000181021050018582,"D3",12.8312219739923
"144","Q6UVK1",1.72767268013161e-05,0.000181021050018582,"D3",8.91367712252925
"145","P11473",1.80760962180322e-05,0.000186994098807229,"D3",8.609099337751
"146","Q76M96",1.8240777252474e-05,0.000187405245744596,"D3",10.9035645869312
"147","P00338",1.86983326292329e-05,0.000190799312543193,"D1",15.8321540745638
"148","P31994",1.89759812028749e-05,0.000191033367814177,"D5",10.1486806887978
"149","O00182",1.89002788728112e-05,0.000191033367814177,"D3",9.83034806356531
"150","P22894",1.97981853059332e-05,0.000197981853059332,"D1",11.5630470453472
"151","O95631",2.01535080435632e-05,0.000200200411028773,"D2",9.35458013784687
"152","Q12860",2.03279668872721e-05,0.000200604936387554,"D5",14.9127275283345
"153","P06396",2.32476024752954e-05,0.000226437686447682,"D1",16.9098472620288
"154","P00533",2.3135203070319e-05,0.000226437686447682,"D5",13.9736558197472
"155","P80188",2.40547743269746e-05,0.000232788138648142,"D1",8.57485689978309
"156","P43220.1",2.63045739144684e-05,0.000252928595331427,"D4",9.10958047292444
"157","P10912",2.65015537105838e-05,0.000253199557744431,"D1",9.85168241351159
"158","P36941",2.90604450026599e-05,0.000275625675605737,"D3",13.2995442286033
"159","P01011",2.92163216142082e-05,0.000275625675605737,"D2",18.2823315601578
"160","O75146",3.02316926470789e-05,0.000283422118566365,"D1",8.72494086091479
"161","P05112",3.13273923449882e-05,0.000291870115015418,"D3",7.22268747397054
"162","Q96SI1",3.21121542012201e-05,0.000297334761122409,"D5",9.44229705953136
"163","Q02297",3.72660682852348e-05,0.00034293927869848,"D2",11.699287770677
"164","Q96MK3",3.84769341367566e-05,0.000351923178080091,"D2",10.8745484173938
"165","P35916",3.9477192753412e-05,0.000358062311783886,"D5",12.1262552407096
"166","Q05655",3.96255625040834e-05,0.000358062311783886,"D1",6.47307195528515
"167","P29536",4.14851235149734e-05,0.000372620869894971,"D1",11.1346755554377
"168","Q8N475",4.24120459815964e-05,0.000378678981978539,"D5",8.55901496336094
"169","P28906",4.57733313328424e-05,0.000403882335289786,"D3",9.32155360404908
"170","P09429",4.55616679241677e-05,0.000403882335289786,"D1",15.6597284917872
"171","Q9UJA9",4.8718313580045e-05,0.000427353627895132,"D1",10.2922124110081
"172","P20711",5.25340171084292e-05,0.000458145498038627,"D1",8.26100172451726
"173","P12544",5.39099942621212e-05,0.000464741329845872,"D5",10.9471810120384
"174","P46531",5.36552923164226e-05,0.000464741329845872,"D5",13.9876176886462
"175","Q9BXJ3",5.66230796382687e-05,0.000474495080767615,"D5",11.9608029664642
"176","P07333.1",5.53707920371752e-05,0.000474495080767615,"D5",15.2761893081007
"177","O14625",5.59697473294981e-05,0.000474495080767615,"D3",11.4152949228305
"178","Q03154",5.65835985863753e-05,0.000474495080767615,"D2",12.4308992348145
"179","Q5T7V8",5.64346943465197e-05,0.000474495080767615,"D2",7.96764239454378
"180","Q504Y2",6.02517260163355e-05,0.000502097716802796,"D3",11.3617104763209
"181","Q04756",6.2077837280429e-05,0.00051445721503118,"D4",13.5775191129082
"182","O14791",6.32854444016575e-05,0.000518733150833258,"D5",15.6721321240554
"183","O43557",6.31212135084191e-05,0.000518733150833258,"D3",9.59850982636446
"184","Q02413",7.03642670031897e-05,0.000573621741873829,"D3",12.0071508021541
"185","Q96MS0",7.08545770709175e-05,0.000574496570845277,"D1",9.3937261011246
"186","P17947",7.26575851849966e-05,0.00058594826762094,"D1",11.4988734034387
"187","Q9P109",8.10037980642936e-05,0.000649763086077221,"D3",10.6657069537685
"188","P00813",8.38292936929806e-05,0.000668850747550377,"D3",11.2812631351118
"189","P27487",8.57837149184168e-05,0.000680823134273149,"D3",10.2996479941127
"190","Q13145",8.65588555103139e-05,0.000683340424963382,"D1",9.50409925247113
"191","P01024.4",8.7012014112004e-05,0.000683340424963382,"D3",14.4030294980456
"192","Q9UHX3",8.79802613124479e-05,0.000687345791503499,"D5",10.427243381924
"193","P22626",8.8652174587747e-05,0.000689006538246739,"D1",11.0999133960062
"194","P01023",9.11869208806382e-05,0.000705053511963698,"D5",13.6690811699119
"195","P02452",9.34848467180196e-05,0.000719114205523228,"D4",11.1415206227565
"196","O75015",9.58917301967408e-05,0.000733865282117914,"D3",11.8453396747347
"197","P19235",9.87833959775064e-05,0.000752157837392181,"D5",8.37835567803674
"198","P02787",0.000100290196258163,0.00075767351092172,"D1",18.050091757174
"199","P48061.2",0.000100518019115615,0.00075767351092172,"D5",12.9290423500961
"200","Q14982",0.000101978907994464,0.000764841809958483,"D3",11.807145100177
"201","P25788",0.000104611311003066,0.000780681425396018,"D4",8.60030862519451
"202","P36888",0.000106302526081068,0.000789375193671297,"D3",10.6285292283197
"203","Q07817",0.000117396532245554,0.000867462060927741,"D3",11.4849656756258
"204","Q92484",0.000119240981307728,0.00087677192138035,"D1",8.56829829578961
"205","Q9Y5K2",0.000121764596620244,0.000890960463074954,"D1",8.96719761636075
"206","P43121",0.000135754615238465,0.000988504479891734,"D1",10.8911820637078
"207","P14555",0.000138261372193868,0.000992306498999049,"D2",11.6972384044211
"208","Q06413",0.000138209166855738,0.000992306498999049,"D1",9.49806180259747
"209","P51946",0.000137262465178082,0.000992306498999049,"D1",9.21966739429928
"210","Q92823",0.000144667402955517,0.00103333859253941,"D5",8.90434300511926
"211","P01024",0.000146947469068745,0.00104465025404321,"D3",11.9346069283552
"212","Q9P2A4",0.000148968156836365,0.00105401997761579,"D1",8.43330260026343
"213","P06727",0.0001604788730239,0.00113013290861901,"D1",15.3104420701623
"214","P80162",0.000168389280644951,0.00118029869610947,"D3",11.4579104681699
"215","Q6UX71",0.000178638634664977,0.00124631605580217,"D5",9.14936705305943
"216","P42229",0.000181229882757155,0.00124699460612721,"D3",11.4163843979417
"217","Q12778",0.000180928092158118,0.00124699460612721,"D3",11.3420980277602
"218","P43652",0.000180210418837136,0.00124699460612721,"D1",15.3049856486096
"219","Q8IZP7",0.000189723199228066,0.00129947396731552,"D1",9.92637956377021
"220","P01031",0.000195695898377991,0.0013284033212683,"D3",15.4475075140567
"221","Q96KQ7",0.00019571808933353,0.0013284033212683,"D5",10.3233064260078
"222","Q92854",0.000202875065381669,0.00137077746879506,"D5",10.869028253714
"223","P20827",0.000204126289494497,0.00137304679032173,"D1",11.9530456975021
"224","Q86WK6",0.00020987672243905,0.00140542448061864,"D5",8.22629957167505
"225","O43586",0.000210829081575306,0.00140552721050204,"D1",9.4541751714319
"226","P59901",0.00021268704929398,0.0014116397077034,"D5",10.9875270970093
"227","O75882",0.000216554736684735,0.00143097843624274,"D5",10.1731179537838
"228","Q8N8N7",0.000237571985448011,0.00156297358847376,"D2",11.4462403107855
"229","P99999",0.000242265949425549,0.00158689486523286,"D5",10.3989817343974
"230","Q969J5",0.000243495308970501,0.00158801288459022,"D4",11.2463761997725
"231","Q13449",0.000251725637229833,0.00163458205993398,"D5",9.89490580193928
"232","P01024.3",0.000257102583749535,0.00166230118803579,"D2",12.1424357682967
"233","Q9H2A7",0.000270239473205894,0.00171878048147182,"D1",12.1161292013102
"234","Q02223",0.000268660594134429,0.00171878048147182,"D5",11.8571584491711
"235","P78423",0.00026959138434994,0.00171878048147182,"D3",11.0871377918395
"236","Q92859",0.000270421462418233,0.00171878048147182,"D5",11.8280794752782
"237","P06681",0.000276210238461371,0.00173353706147304,"D2",13.077613264915
"238","P04745",0.000275378613829875,0.00173353706147304,"D5",10.9868231716315
"239","P09874.1",0.000274509526862669,0.00173353706147304,"D1",8.8081349887588
"240","Q9UK85",0.000279832451355121,0.00174895282096951,"D4",8.95848168825664
"241","P50452",0.000281913307524445,0.00175464714226833,"D1",10.6801717931801
"242","P00734.1",0.00028445723116652,0.00176316465599083,"D1",10.8293910103328
"243","Q8NFY4",0.000290287465759483,0.00179189793678693,"D5",10.1070283258181
"244","Q86U17",0.000301827065592009,0.00185549425568858,"D2",14.2320516629166
"245","P53999",0.000313572065224167,0.00191982897076021,"D1",9.7725782020034
"246","P07333",0.00032004173187537,0.00193573628150425,"D3",12.2830622333539
"247","P02647",0.000319969068840123,0.00193573628150425,"D5",13.0284160833402
"248","P01042",0.000317466077017457,0.00193573628150425,"D1",17.7876983541248
"249","P00746",0.000329262755697648,0.00198281724273572,"D5",14.8452245569665
"250","Q99983",0.000330469540455953,0.00198281724273572,"D5",13.2949950772648
"251","P17213",0.000337651180190949,0.00201783573819292,"D1",13.2565205357314
"252","Q9H3U7",0.000348016579020198,0.00207152725607261,"D5",11.6199307075949
"253","P13591",0.00035212142105745,0.00208767640943152,"D5",15.1327490565259
"254","P07225",0.000357900010403112,0.00211358273860105,"D5",12.9065098415097
"255","P49815",0.000371539697619513,0.00218552763305596,"D5",9.17621863015141
"256","P40925",0.000379002048950464,0.00222071513056913,"D1",15.4588272145854
"257","P35222",0.00039853219144229,0.00232606337417679,"D3",9.41612642675231
"258","O00238",0.000405276888636697,0.00235626098044591,"D3",8.32230515345984
"259","P01189",0.000409368673692307,0.00237086104455004,"D1",8.85025960457232
"260","P00736",0.000412047804310263,0.00237719887102075,"D2",16.7886174339638
"261","P02790",0.000423769298831668,0.00243524697372861,"D1",17.8247784634815
"262","P01189.1",0.000425356471411264,0.00243524697372861,"D1",9.46942199556364
"263","Q15777",0.000437537346921752,0.00249546015354611,"D2",9.52076883329366
"264","P26992.1",0.000444699919586433,0.00252670408855928,"D5",12.1404854886108
"265","Q96B67",0.000450038607871044,0.00254738834643987,"D5",9.65421521733184
"266","Q07507",0.000454806381353707,0.002555092030077,"D5",10.6887869066459
"267","P04004",0.000453268628734089,0.002555092030077,"D2",11.6610889707268
"268","O60568",0.000471797760337567,0.00264065910636698,"D2",11.9942868172817
"269","Q92922",0.000480428322644773,0.00267896834188535,"D3",9.98562193848997
"270","Q9Y5U5",0.000493723509210297,0.00274290838450165,"D5",9.01325728501389
"271","P06401",0.000515083374419258,0.00285101498756047,"D1",13.7443128741589
"272","P02741",0.000520452718432618,0.00287014366782694,"D2",16.4907061658849
"273","Q01105",0.000537375419245866,0.00295261219365861,"D5",13.4041045534631
"274","Q9UJZ1",0.000539998156229724,0.00295619428592915,"D3",9.96974329281874
"275","Q9P121",0.000553636065788731,0.00301983308612035,"D5",12.9911676590778
"276","Q9NS37",0.000588454374369906,0.00319812159983645,"D4",8.45190245306962
"277","P58499",0.000598083604326993,0.00323871987902704,"D5",10.100848782514
"278","Q14116",0.000611143885641987,0.00329753895130569,"D1",10.5553850166463
"279","P01009",0.000647304952787009,0.00348013415476887,"D2",15.298907221957
"280","P00749",0.000662579342633052,0.00354953219267706,"D5",10.5136698562591
"281","Q7Z3B1",0.000682030036537534,0.00364072973240677,"D5",11.3346272625721
"282","Q9NS98",0.00069968163794755,0.00372171084014654,"D5",10.2905057647105
"283","P02768",0.000729052295714868,0.003864234782941,"D1",15.3285429999716
"284","Q13651",0.00074714784776437,0.00393283546783583,"D3",11.1199455985813
"285","P78556",0.000747238738888807,0.00393283546783583,"D1",7.7528657799281
"286","P40225",0.000753093536765757,0.00393602893780012,"D4",9.34394993420348
"287","P50461",0.000752043114683572,0.00393602893780012,"D1",10.3253832867853
"288","Q99958",0.000772643799285942,0.00401026193401008,"D1",8.35279578289255
"289","Q9BZW8",0.000771258334789846,0.00401026193401008,"D1",6.86686402241339
"290","Q86W54",0.000781313985850417,0.00404127923715733,"D5",9.3286013165774
"291","P03956",0.000786764567237647,0.00405548745998787,"D3",14.9513337079467
"292","P01275",0.00079424370069335,0.00408001901041104,"D4",9.83368364241998
"293","P21757",0.000801822570511552,0.00410489370569054,"D3",12.79031678518
"294","Q9UFW8",0.000831841568349826,0.00423680360443839,"D3",6.2543732591155
"295","Q9BY76",0.000833238042206216,0.00423680360443839,"D2",12.6492773731395
"296","P48736",0.000875768794118636,0.00443801753776336,"D3",12.1686172214303
"297","Q16853",0.000881474109060553,0.00445188943969976,"D5",15.126856935162
"298","P15918",0.000896285211913202,0.00451150274452954,"D1",9.30554607668322
"299","P00747",0.000899514516839141,0.00451261463297228,"D5",15.5702430673523
"300","P01024.1",0.000919189446288543,0.00459594723144272,"D3",11.0672505679908
"301","P22309",0.000937160205356937,0.00467023358151297,"D2",9.88022159968468
"302","P05305",0.000953414462289772,0.00473026423339113,"D1",9.31182294273324
"303","Q9NWH9",0.000955513375145008,0.00473026423339113,"D1",9.05869550394501
"304","Q9UBU3",0.00101610496872854,0.00501367583254214,"D5",9.88234624594228
"305","Q92843",0.00102201041979509,0.00502628075309059,"D2",8.86372810772555
"306","P21802",0.0010409702096431,0.00510279514530932,"D5",8.45492860222882
"307","Q99731",0.00104623299784966,0.00511188761164328,"D4",8.54093065325037
"308","Q9UBR1",0.00106192351566145,0.00517170543341615,"D1",9.6085487093829
"309","Q9UHD0",0.00106691498338938,0.00517919894849215,"D1",12.6314319292643
"310","Q13018",0.00107240601142727,0.00518906134561583,"D4",12.4112033651807
"311","P09601",0.00111842170653647,0.00539431691255534,"D1",11.5538775000596
"312","P19823",0.00116039258910394,0.00557881052453818,"D1",16.5149189673185
"313","P00915",0.00124725044137428,0.00597723853693743,"D1",15.5833871733623
"314","P00742.1",0.00128828709854371,0.00615423773189668,"D5",12.890119142366
"315","O75716",0.0012973172493011,0.00617770118714808,"D3",10.9651366859821
"316","Q16548",0.00135989316422534,0.00645518907068992,"D1",9.3570183228564
"317","O75094",0.00137002261603344,0.00646237083034641,"D5",11.5249903734526
"318","P18075",0.0013692329828784,0.00646237083034641,"D5",8.94818190021184
"319","Q92793",0.00140125264310903,0.00658896227167254,"D2",11.6908512879512
"320","P51911",0.00145961651556234,0.00684195241669845,"D1",11.8327772821617
"321","Q8IWS0",0.00149501796186633,0.00698606524236603,"D1",9.23350224510532
"322","P09936",0.00151557194276714,0.00704709408367825,"D2",9.57201550672523
"323","P22105",0.00151747425935205,0.00704709408367825,"D1",13.8846217488997
"324","P28070",0.00159416838583298,0.00737120065344067,"D1",9.77908737200484
"325","P35638",0.00159709347491215,0.00737120065344067,"D4",7.92762024232392
"326","P07339",0.00162900779648798,0.00749543464641707,"D2",11.3649934259414
"327","O43240",0.00166265860628547,0.00762687434075905,"D5",10.7618282713521
"328","P22004",0.00168484685930804,0.00770509234439653,"D1",9.70437206788581
"329","O43687",0.00172422724850697,0.00786121845823847,"D3",10.0721044968753
"330","P08727",0.00176876553728654,0.00803984335130243,"D3",10.4409701547451
"331","P53634.1",0.0017842720461579,0.00808582498258867,"D3",9.18926641793174
"332","P01130",0.00180034870500529,0.00813410559490343,"D1",7.54360656753041
"333","P36952",0.00183817582834177,0.00828007129883679,"D5",8.87443287871754
"334","Q6ICB0",0.00185620633739943,0.00833625600628489,"D4",8.9377510977148
"335","Q8WZ19",0.00186921623775716,0.00836962494518131,"D4",11.6984247984847
"336","P11362",0.0019415487240561,0.00866762823239331,"D5",10.0064451323943
"337","P12821",0.001971867370016,0.00877386064079224,"D1",9.75759424047498
"338","P42701",0.00198289250481905,0.00877386064079224,"D5",8.11900913618925
"339","Q92506",0.00197931810223712,0.00877386064079224,"D3",10.4747586047211
"340","Q12805",0.00199953612437225,0.00882148290164228,"D3",11.3990142005491
"341","Q99523",0.00201551058642856,0.00886588234499365,"D4",8.85463981108532
"342","O15075",0.00204539009246338,0.00897100917747095,"D1",11.6450867486867
"343","P08709",0.00209358782006383,0.00915563186616837,"D1",16.419236473322
"344","P13598",0.00222600314915617,0.00970640908062283,"D5",12.5347209913122
"345","Q86VB7",0.0022537627406712,0.00979896843770087,"D5",11.3650560326346
"346","P02461",0.00231232823096762,0.010014779222367,"D3",13.5701617723441
"347","P14784",0.00231675226010756,0.010014779222367,"D5",10.735331325681
"348","Q16819",0.00237761192920166,0.0102483272810417,"D1",12.5340318311519
"349","P12644",0.0024083534883688,0.0103510894915564,"D5",9.39210197746627
"350","P16234",0.00242694495123296,0.0103878658409612,"D4",10.5660624596773
"351","P53634",0.00243076060678493,0.0103878658409612,"D2",13.268906660773
"352","Q9BXY4",0.00246053709441141,0.0104852433000486,"D2",9.61855913562739
"353","Q13137",0.00248739411188536,0.010569663364952,"D5",10.4867596893644
"354","P18510",0.00257217810534952,0.0108990597684302,"D2",11.4276017026207
"355","Q99497.1",0.0026346577008544,0.0111323564824834,"D3",9.96431951272982
"356","P29474",0.0026544833128852,0.011184620700359,"D1",9.48914655948167
"357","P02818",0.00273654649562619,0.0114659769369812,"D1",10.0720151979281
"358","Q8TED9",0.00273165876494301,0.0114659769369812,"D1",7.94941813106249
"359","P14621",0.00274752725024448,0.0114799188728878,"D1",13.6770480566974
"360","P14151",0.0028529833921248,0.01188743080052,"D5",12.5999956185352
"361","P08217",0.00292858995497024,0.012168656322591,"D1",12.0203909417047
"362","P30043",0.00297296900621155,0.0123189323461805,"D1",17.0242017570079
"363","P32927",0.00301311711512459,0.0124166914084805,"D4",7.87848626243359
"364","P36507",0.00300773329977493,0.0124166914084805,"D4",12.279710016616
"365","Q9BXB1",0.00304039509670023,0.0124947743700009,"D5",9.59840625666255
"366","Q13740",0.00307393143720005,0.0125637524681201,"D5",13.3286499422832
"367","Q9ULW5",0.00306743430501007,0.0125637524681201,"D2",10.7017383891516
"368","Q6X4U4",0.00310410736928698,0.0126526115595937,"D5",8.06081880872901
"369","P07988",0.00316006424699839,0.0128457896219447,"D5",7.32714702247745
"370","O43927",0.00323005491894202,0.0130049161544236,"D4",9.43004254369814
"371","Q13253",0.0032338891504,0.0130049161544236,"D4",11.0730071223379
"372","P09693",0.00322193337907676,0.0130049161544236,"D1",9.6257784365406
"373","P50591",0.00321115893072414,0.0130049161544236,"D4",8.54354200437238
"374","Q68D85",0.0032929446343438,0.013206997196566,"D5",8.72944112546209
"375","Q01973",0.00337483885507447,0.0134993554202979,"D5",13.9667996541315
"376","Q9P0M4",0.00338784072909112,0.0135153220575444,"D2",9.52331456310394
"377","Q86XI6",0.00339875781172861,0.0135229090652332,"D5",9.95620080489543
"378","P43146",0.00349653852977649,0.0138751528959385,"D5",13.4945938363646
"379","P34931",0.00353238939438584,0.0139804329593107,"D2",8.80810142961604
"380","P19367",0.00355628709244154,0.0140379753649008,"D3",11.1677346451535
"381","Q7Z6M1",0.00358130731937647,0.0140531180788713,"D3",9.06688000944468
"382","P08174",0.00358822948280513,0.0140531180788713,"D5",13.5183708629286
"383","Q8NBM8",0.00358756357979565,0.0140531180788713,"D2",10.5891840323282
"384","Q86VK4",0.00362025174546238,0.0141416083807124,"D1",8.85195112362911
"385","O43916",0.00371996456116502,0.0144933684201234,"D4",9.73866743853635
"386","Q99988",0.00380518397030769,0.014748775078712,"D2",14.613867936347
"387","Q9NVH1",0.00380431673641043,0.014748775078712,"D1",10.0549943388101
"388","Q14624",0.00385173068427947,0.0148907114082969,"D2",15.6008068147384
"389","P08887",0.00387434043606234,0.0149396160773612,"D5",11.9937349925578
"390","P34130",0.00396393138042919,0.0152458899247277,"D1",8.70816262037741
"391","O75356",0.00400785042993553,0.0153753852810826,"D2",12.2480239880962
"392","O75475",0.00404282649243358,0.0154699993332918,"D1",14.6894947298016
"393","Q96KN2",0.00416934098990116,0.0159135152286304,"D1",12.9800980996231
"394","Q9UHV8",0.00422028768089718,0.0160670850795578,"D1",9.98794825866839
"395","Q9UHF4",0.0042703135430273,0.0162163805431416,"D4",8.27213803980152
"396","P55103",0.00442831208442487,0.0167739094107003,"D2",13.8469421870796
"397","P16930",0.00445268365108816,0.0168237417547412,"D1",12.7160069329956
"398","P01008",0.00450932977204996,0.0169615072170315,"D1",17.3842910568841
"399","P15559",0.00451176091973037,0.0169615072170315,"D1",10.663581311514
"400","O15394.1",0.00460862542582222,0.0172823453468333,"D5",10.5132508785549
"401","Q8NBI6",0.00469756011290277,0.0175719206218308,"D5",10.835450381437
"402","Q9NTG7",0.00479728166019938,0.0178977240256328,"D4",9.97456620764799
"403","P20809",0.00480852185488669,0.0178977240256328,"D1",8.62009126331229
"404","P20160",0.00484334305284108,0.0179383076031151,"D5",8.14098881662243
"405","O00469",0.00483246538597931,0.0179383076031151,"D2",10.9266424513231
"406","P10147",0.00491628609198996,0.0181636185664654,"D5",9.11273582027444
"407","Q9BY41",0.00508152327983921,0.0187279727758202,"D2",13.884019347708
"408","Q9Y2I2",0.00512127723020869,0.0188282251110614,"D5",10.0500506315884
"409","P20963.1",0.00515051742009872,0.0188894281910711,"D5",9.526497360015
"410","Q7L2Z9",0.00516641036372495,0.018901501330701,"D3",7.43525858745993
"411","O14788",0.00535763147083795,0.0195160343980511,"D3",9.21069119267565
"412","P07492",0.00536040411466472,0.0195160343980511,"D5",7.99769960743262
"413","P09238",0.00539847960580588,0.0195494082663691,"D5",11.506327932709
"414","P00742",0.00540866962036211,0.0195494082663691,"D3",12.9372992151652
"415","P13232",0.00539219957679706,0.0195494082663691,"D1",7.53080203463073
"416","Q9H2X0",0.00547268902195809,0.0196859317336622,"D5",11.2175260738779
"417","O00194",0.0054711108988214,0.0196859317336622,"D3",10.53625816483
"418","Q96FE5",0.00552122682740368,0.0198130149308744,"D5",12.580363513956
"419","O95750",0.00557748363171317,0.0199671251731975,"D2",11.6297468028018
"420","Q03431",0.00567209396937502,0.0202093609360155,"D2",9.9684935341876
"421","Q96SM3",0.00567058990908774,0.0202093609360155,"D3",11.5982436150577
"422","Q16851",0.00586960061248248,0.0208141865690868,"D1",9.59981693479508
"423","P16581",0.00585781816205772,0.0208141865690868,"D1",14.5042258324957
"424","Q92583",0.0059098577651258,0.0209075156785111,"D3",9.47984068142926
"425","Q13231",0.0059369468778614,0.0209539301571579,"D4",9.3297440771016
"426","O43278",0.00598644063617938,0.0210790163245753,"D5",12.5675385897369
"427","P18847",0.0060862605068113,0.0213396834969617,"D5",8.3159820290406
"428","P16871",0.00608892302446641,0.0213396834969617,"D1",9.25772946787182
"429","P36955.1",0.00613159739862955,0.02143915174346,"D2",16.5549823261875
"430","P20333",0.00618737494805384,0.0215838660978622,"D2",13.3086304207569
"431","Q01469.1",0.00627847442116247,0.0218508390527696,"D1",9.95246874432105
"432","Q13873",0.00658360726829692,0.0228597474593643,"D2",9.83180595849195
"433","Q16832",0.00666739177024554,0.023052074615217,"D5",8.51138157653111
"434","P08236",0.00666973358866946,0.023052074615217,"D2",12.0513663715987
"435","P36969",0.00673318898592471,0.0232178930549128,"D1",12.4714405225245
"436","P12643",0.0067792604576215,0.0233231437762207,"D1",8.36242678272412
"437","Q8N6K0",0.006910158850475,0.0237190807224542,"D1",9.10559512591019
"438","P09237",0.0069493194382918,0.0237990391722322,"D4",13.3714503970094
"439","P40967",0.00707006529934928,0.0241573985171388,"D1",11.5594041526818
"440","P01270.1",0.00711048682361717,0.024240295989604,"D1",10.0535759627717
"441","Q9BYV9",0.00712839149059744,0.0242462295598552,"D4",10.774831996751
"442","Q9NX94",0.00726539151767028,0.0246563060554421,"D4",9.20754811583769
"443","Q8IXL6",0.00728468572815702,0.0246659787635113,"D2",16.175751191072
"444","P11226",0.00737076542524162,0.0249012345447352,"D3",9.25328775905288
"445","P39905",0.00742658449311797,0.0250334308756785,"D1",8.79558037390496
"446","P01583",0.00747863458831916,0.025152358480894,"D5",9.1914199459903
"447","Q8TEK3",0.00766303976190999,0.0255908298261923,"D2",8.03564184954211
"448","O60609",0.00767724894785768,0.0255908298261923,"D4",11.1263178685572
"449","P02765",0.00765363229025999,0.0255908298261923,"D4",11.5530058315362
"450","P06576",0.00763766408813159,0.0255908298261923,"D3",10.5117457161137
"451","Q13145.2",0.00783402814885349,0.0260555259939695,"D5",9.83171611880909
"452","Q9H5V8",0.00785434569369501,0.026065306505625,"D3",10.9655554892401
"453","Q99519",0.00808205488727632,0.0267617711499216,"D2",12.2661372955271
"454","O15173",0.00815891356919206,0.0269567628938064,"D3",10.1633645173692
"455","P30533",0.0084118294467122,0.027731305868282,"D2",12.5334835452754
"456","P07585",0.0084913435381168,0.0279320511122263,"D1",11.0804306243881
"457","P05387",0.00863391774821662,0.0283388985171224,"D4",8.51676934712426
"458","Q9UBB4",0.00867888303824864,0.0284242894265785,"D3",8.90352191763016
"459","P15586",0.00876284238403582,0.0286367398171105,"D1",10.4781245696655
"460","Q9HCK4",0.00879162810065748,0.028668352502144,"D5",12.4491340593344
"461","Q9BUD6",0.00886834394484995,0.0288557829008133,"D2",13.1698810988298
"462","Q02083",0.00897515746944476,0.0291401216540414,"D1",12.1503680309002
"463","P06703",0.00913626615626488,0.029599134415545,"D1",12.176181046386
"464","P41217",0.00944031016992349,0.0305182440838044,"D1",10.396808813368
"465","Q8N5K1",0.00955167294322838,0.0308118482039625,"D4",8.829992077634
"466","P08397",0.00978693596773717,0.031436140833884,"D1",16.1128473492752
"467","P54826",0.00978711851294923,0.031436140833884,"D4",12.9878142707043
"468","O00141",0.00983055556091397,0.0315081909003653,"D5",9.61975409217616
"469","Q9NPR2",0.00992901844815053,0.0317559225420593,"D5",9.89662431879488
"470","P14314",0.00999356941967344,0.0318943704883195,"D2",12.5477922572504
"471","P05120",0.0100455497010428,0.0319921965001364,"D2",11.5205126324696
"472","Q86U86",0.0101477867449259,0.0322493222826036,"D1",10.5424218790669
"473","P0C7M8",0.0102264418958416,0.0324305768367069,"D1",8.50427355904564
"474","O75899.1",0.0103878887257346,0.0328730655877676,"D5",8.15664679884273
"475","O60504",0.0104870691704454,0.0331170605382487,"D1",7.88842569526287
"476","P08069",0.0105321083807564,0.0331894171662491,"D5",11.779807407525
"477","Q96G28",0.0107564936810483,0.0338254518271958,"D1",13.1860181005989
"478","P30740",0.0109356079756684,0.0341737749239636,"D1",13.3014082853321
"479","Q53HC0",0.0109052656398465,0.0341737749239636,"D2",11.1865187060641
"480","Q14435",0.0109139940503633,0.0341737749239636,"D1",9.4155037731043
"481","Q6NW40",0.0109835034574567,0.0342520897841686,"D5",10.4570259520432
"482","Q9NQ76.1",0.0110904209966389,0.0345137582882953,"D1",7.61526668648343
"483","P43235",0.0114884934321556,0.0356785510315391,"D4",8.05052645295339
"484","P18669",0.011545437316353,0.0357813139969618,"D3",13.8321421177814
"485","Q9Y3Z3",0.0116147568866484,0.0359219285154074,"D5",9.69409496137273
"486","Q9GZX6",0.0116524676948868,0.0359644064657,"D5",10.3399382351026
"487","Q7Z5L3.1",0.0120222146470775,0.0370294085638939,"D1",10.1490575578651
"488","Q5T6F0",0.012095410558951,0.0371785160623493,"D4",8.16609131222028
"489","Q15165",0.0121499251744794,0.03726970912417,"D2",11.5267842062057
"490","Q99259",0.0123018113914183,0.0376376430533612,"D4",8.63385127135956
"491","Q06190",0.0123200551594669,0.0376376430533612,"D4",9.47744353375805
"492","Q9BWP8",0.0123482762488565,0.0376471836855382,"D1",11.536366360534
"493","O94907",0.0125560561957231,0.0382030107374942,"D3",13.5307712935724
"494","Q07021",0.0126265698495406,0.0383397869925323,"D2",10.6940647229184
"495","P02771",0.0127125934576571,0.0385230104777488,"D1",8.56012560079652
"496","P04083",0.012808922208582,0.0387366599049859,"D1",14.371026182148
"497","Q9NSI8",0.0129290651272665,0.0390213233217298,"D1",9.77880970318449
"498","Q9P0K1",0.0129591798926921,0.0390336743755786,"D5",11.8591386914304
"499","P18065",0.0131512762571867,0.0395328945606815,"D2",15.7085524609816
"500","P0CG13",0.0132512073715868,0.0397536221147605,"D1",9.11287436937803
"501","P58499.1",0.0133367120087541,0.0399302754753117,"D5",13.5029478367593
"502","Q96GD4",0.0133832623299618,0.0399898276791689,"D3",9.66603355157607
"503","P07949",0.0143068476929213,0.042664555744298,"D5",10.4805791518403
"504","P48023",0.0143494372267435,0.042706658412927,"D5",9.41354590874829
"505","Q8TF65",0.0144034789642338,0.0427826107848529,"D1",10.3146873021027
"506","P07766",0.0144494922896408,0.0428344633092119,"D5",10.6631763861687
"507","Q86XR7",0.0146620700956588,0.0432084580422166,"D5",8.89572018467748
"508","Q99062",0.0146376378642437,0.0432084580422166,"D2",9.54786194476868
"509","P49368",0.0146350772798612,0.0432084580422166,"D3",10.7780611716513
"510","P35625",0.0149780238743764,0.0440530113952247,"D3",14.4820670159239
"511","P42081",0.0151126115343723,0.0443618733885685,"D5",8.69783831651915
"512","Q96EQ0",0.0153080433705869,0.0448477833122663,"D5",8.42478451505757
"513","P20823",0.0153837517312136,0.044981730208227,"D4",8.28044124025624
"514","O00602",0.0154351551138433,0.045044226985924,"D1",12.9604697840867
"515","P01033",0.0155268404641805,0.0452238071772249,"D2",15.4773758966084
"516","P10082",0.0156433226529808,0.0454747751540138,"D5",9.43954450199397
"517","Q9HDB5",0.015765884925388,0.0457424127429053,"D5",11.6997308933311
"518","Q16610",0.0159909837322122,0.046305937448491,"D3",15.7457693240019
"519","Q9BTZ2",0.0161658232331425,0.0467220324657298,"D3",10.4682191987027
"520","O60603",0.0165356645856349,0.0476781438164341,"D2",8.9236711095446
"521","P04035",0.0165602086189081,0.0476781438164341,"D1",8.09188981114584
"522","Q9BXR6",0.0168918007517979,0.0485396573327525,"D2",16.6226028290103
"523","P35354",0.0169964819798437,0.0487470802481177,"D1",9.06197493486285
"524","P11717",0.0172733212746525,0.0494465303663717,"D5",12.5588845858534
"525","P24821",0.0174372124250572,0.0498206069287348,"D3",13.0499276054493
