ENTREZID,stat
88,14.74912622
7136,14.07616998
10324,13.77161971
1158,12.77775241
761,9.859940178
4151,9.473551505
2027,9.367609377
6288,8.84621306
2819,8.424679761
9173,7.687207195
23543,7.560726034
3082,7.517540381
3569,7.455673874
1388,7.112756249
90523,6.923594988
6888,6.323241692
1991,6.15450883
170392,6.078947181
5657,5.998066169
2170,5.984219956
3312,5.943471303
57817,5.920311885
3929,5.803346273
2056,5.711931412
183,5.588449304
12,5.54093177
302,5.428611659
3939,5.335380516
231,5.334184134
4192,5.025257983
6280,5.011810553
4925,4.891536862
3606,4.889606995
51129,4.873000854
10082,4.862961019
4208,4.856453523
5654,4.824478857
6480,4.771138165
8048,4.744014744
5624,4.73232354
8985,4.699187858
95,4.661615912
5241,4.614209611
4317,4.553087544
1942,4.54208718
3162,4.532793224
6283,4.486212192
7005,4.472892619
98,4.407923182
3557,4.333416831
9423,4.304937422
7018,4.245133205
6422,4.241591737
3263,4.190260378
1114,4.142783179
3181,4.097332318
2267,4.070300916
4190,4.059766766
11244,4.001074549
2512,3.974848783
5320,3.963452675
9518,3.949360869
6688,3.943394648
78991,3.931980631
1634,3.909267965
5745,3.894043344
7360,3.885359782
4318,3.882813053
3099,3.877815814
4224,3.870300421
58191,3.861766437
653361,3.830576438
64092,3.80194614
3934,3.792236267
716,3.730526266
64093,3.680695615
3589,3.604553247
7345,3.569448108
2990,3.496125811
744,3.48819236
11168,3.453669464
2799,3.452289487
1264,3.4468363
78987,3.428556488
5580,3.42157517
64221,3.305730106
3309,3.285885767
2184,3.269577526
5271,3.218044577
1401,3.206175936
9584,3.190335107
9051,3.183319547
1644,3.181880408
256394,3.180424611
6184,3.159203389
902,3.158691922
462,3.132613808
51744,3.126729545
213,3.108493267
55163,3.100330561
2209,3.079425211
2495,3.059177987
3146,3.010598254
10923,2.99287842
6647,2.972119084
79068,2.954196757
23406,2.949322747
1509,2.936327508
6252,2.923272475
817,2.916820902
5176,2.913205903
1435,2.909688994
9622,2.894060197
727,2.880946558
5741,2.864214109
957,2.831070801
1906,2.827569894
2879,2.784046463
2219,2.782751121
7076,2.780211693
64581,2.772764629
4758,2.708567949
3484,2.704421901
319,2.686801287
112942,2.681923507
9510,2.661975462
4982,2.660311512
6364,2.657299344
63931,2.646502889
671,2.645119875
84870,2.616600504
3827,2.59734401
7518,2.587151042
3845,2.571250719
3248,2.564543184
7086,2.557802814
301,2.527858576
27329,2.520790712
959,2.505431494
5687,2.499893838
4314,2.492501047
3575,2.487527174
3626,2.465575383
6368,2.464406486
3485,2.460796601
2778,2.459040584
5443,2.452356763
56975,2.451503366
650,2.436190212
348,2.435446193
64084,2.411505419
5651,2.409999487
4209,2.405171083
3163,2.388553091
1719,2.38462373
4023,2.375504496
5720,2.368802757
596,2.357053607
64344,2.35588835
226,2.354895591
4001,2.337404634
3699,2.333717508
2591,2.333579724
23769,2.312996823
5345,2.311703868
5743,2.308483011
85480,2.303398311
5649,2.302756925
3576,2.300919607
6277,2.300614765
1992,2.300251122
93273,2.285589629
3568,2.264035714
7167,2.251343108
566,2.235036397
29763,2.229973157
55193,2.201757401
5617,2.191808473
51733,2.179960553
9938,2.155204626
841,2.138994233
29110,2.136419028
3945,2.133485794
9984,2.121176731
659,2.118350937
10468,2.111763198
5531,2.110705518
8404,2.109779773
6354,2.094429079
6696,2.092206954
10549,2.090668524
4598,2.068390919
121793,2.067516878
7133,2.066146968
629,2.050909648
10174,2.039853319
56955,2.035330014
9532,2.032163764
10913,2.030354399
10327,2.02263567
5037,1.989175391
23604,1.984988481
10614,1.983983057
5993,1.96843228
2810,1.962342135
5445,1.958049312
1387,1.953076897
80237,1.943723384
142,1.910092203
11337,1.909072786
9904,1.906777069
1050,1.90325878
3551,1.883985515
3831,1.881037379
392,1.879501644
8200,1.866325053
116844,1.864338287
4811,1.847528429
3603,1.836220388
29106,1.815191225
605,1.81472232
2186,1.813734661
759,1.812918989
23269,1.807305403
2303,1.799098035
7332,1.798146547
2147,1.786839402
54658,1.784870317
597,1.784011448
3458,1.777054075
6908,1.765358778
2944,1.762615211
7409,1.754161919
1490,1.746905523
8939,1.744599179
5645,1.743953057
3190,1.73919222
914,1.737793689
199,1.734727338
383,1.734643387
284069,1.721611292
133,1.718639933
5592,1.716008892
55997,1.712814207
3621,1.709353041
5994,1.690192523
1728,1.686453751
149233,1.681219301
4353,1.680479836
158,1.674738227
9588,1.667322909
59286,1.665834403
9450,1.664810701
54757,1.65923594
6347,1.654470268
8761,1.65309691
6135,1.651622408
3586,1.650948449
3145,1.637379254
7424,1.632018363
6649,1.623112839
2252,1.622311447
708,1.620686385
7097,1.618542066
53353,1.616648799
9181,1.613138586
917,1.612933075
55735,1.612611624
4360,1.604263963
7917,1.598163583
466,1.596456506
131118,1.575664238
5607,1.575447554
5265,1.571510534
30835,1.566589005
4846,1.565667827
5746,1.561813146
4909,1.559931751
4162,1.542747545
5692,1.540801155
6462,1.539907546
57502,1.524286115
57412,1.524221288
54810,1.517205732
23112,1.515132848
203,1.511977141
7432,1.477194756
843,1.468578424
9848,1.467719007
29767,1.461774027
847,1.444183974
63036,1.433096129
11059,1.432104631
56893,1.416284147
1740,1.409177538
5052,1.408698717
8942,1.407553945
8658,1.403955193
80723,1.387432773
1191,1.386244724
9837,1.385501762
5078,1.382352199
7298,1.37705178
5937,1.375680618
51667,1.372865976
8575,1.367965618
2668,1.366690994
3683,1.364434408
6208,1.361253653
8074,1.356740708
2972,1.355123602
2597,1.353413241
154790,1.343618168
7323,1.340303492
23386,1.33955826
1215,1.338368695
374,1.336323263
27132,1.334888388
2305,1.333933517
26040,1.32921557
10135,1.313236952
7132,1.31154509
283,1.304806127
6695,1.298987368
1432,1.297448
5444,1.296477307
6631,1.29344831
6902,1.292692471
427,1.279681787
10477,1.273696023
2815,1.262798999
7422,1.257629965
2876,1.253196596
5717,1.249395765
5479,1.249204647
3055,1.245488914
6810,1.244525588
2908,1.241486275
54165,1.239743873
3561,1.232168023
5226,1.227868447
23433,1.227676463
3156,1.221812716
4240,1.218769791
633,1.218037996
55364,1.206325027
65125,1.202879371
10951,1.198475779
80790,1.193139906
9230,1.189775333
645,1.189670247
9863,1.188351799
3467,1.186656065
51225,1.183397486
7297,1.181701989
55554,1.180754718
4914,1.17587946
760,1.167570318
9965,1.166290227
404037,1.155962094
229,1.152861162
657,1.146244356
5049,1.141039463
5464,1.140437731
60401,1.139113757
5504,1.135730087
57862,1.133535357
23657,1.132570161
78989,1.131197494
6633,1.128245484
25802,1.124143691
29789,1.123336826
2251,1.120229565
23469,1.115301743
8170,1.112225886
6612,1.109215541
3952,1.101570477
3562,1.101540156
5055,1.101289512
4835,1.096513261
10458,1.094977606
132,1.073474253
735,1.070882826
174,1.070188862
577,1.060027673
124540,1.056652406
79077,1.05606686
5289,1.037354973
6786,1.036656475
79154,1.035549354
5702,1.028053234
10617,1.023883989
3838,1.02374439
2208,1.020630802
7042,1.01599955
5347,1.013977561
5009,0.999151074
715,0.992595069
768,0.989115521
387,0.986139051
9519,0.976915875
3157,0.976399072
7390,0.975849744
2255,0.971964965
5144,0.965571563
3963,0.961761828
10321,0.961002578
1442,0.959493506
55869,0.954384436
27330,0.954154475
8773,0.948944314
29982,0.941513263
955,0.934716326
4070,0.934410383
3932,0.928278443
63827,0.927800374
5272,0.923736503
50865,0.916805223
1978,0.909741061
3953,0.908747097
11167,0.904864462
3553,0.900648542
8407,0.899478951
5478,0.897316755
5327,0.895722957
11080,0.895329115
3630,0.88872135
253559,0.882197972
6464,0.880102736
1981,0.870708414
5465,0.863749552
898,0.86229138
29968,0.8621005
10730,0.846190355
4282,0.841482043
471,0.829160145
54567,0.827838418
59084,0.826332804
5979,0.822807827
5223,0.82267978
181,0.822457556
6906,0.820912184
6774,0.818303191
8999,0.818268801
7389,0.815835446
811,0.814342113
53,0.808852228
5588,0.796774953
151176,0.793528639
84309,0.788909329
391356,0.787228063
6690,0.779406392
318,0.775472306
7174,0.774245086
7448,0.773438194
4088,0.773347872
7314,0.772489633
2309,0.763940405
5595,0.763383234
64109,0.759653198
1512,0.757877377
1047,0.755749662
5566,0.751649295
23301,0.742344272
9910,0.742015928
3381,0.739026005
7035,0.736635801
10694,0.729848067
282973,0.72595519
29916,0.714276029
51652,0.713577968
5335,0.712332426
5792,0.710463953
163,0.706169794
9493,0.706119911
9397,0.703043425
5777,0.696223327
2185,0.691507986
7150,0.682518187
730,0.678931472
173,0.677171782
1463,0.676020814
3486,0.672272893
3574,0.67027209
7329,0.669320399
11060,0.664188408
572,0.663839333
2950,0.661794625
2289,0.660748535
799,0.660345428
8569,0.659279746
3697,0.658302656
2272,0.65468368
5896,0.65255036
2188,0.644317869
207,0.640991591
613210,0.630331964
2036,0.628591462
5341,0.626830056
3700,0.624779973
3600,0.622506243
6727,0.61869509
3385,0.617608339
8654,0.616289025
10924,0.610100087
4041,0.603324512
4345,0.602738841
3383,0.59545245
27248,0.594432581
27044,0.586908499
11284,0.585570557
1520,0.585480889
266722,0.584036246
29104,0.578050015
1399,0.571971107
5111,0.570583659
51060,0.570490525
25932,0.560545506
4049,0.557517156
4236,0.548239834
54858,0.544462939
4860,0.544273697
3149,0.540307381
4897,0.537134521
9026,0.536830783
79811,0.533745134
7293,0.529802695
5830,0.523627461
10551,0.521799916
204,0.516783625
933,0.515028981
6905,0.507192822
55968,0.494459539
123228,0.493672083
6746,0.493347277
1437,0.481951349
51588,0.478935365
9475,0.47722013
4830,0.47655313
23670,0.475479383
9046,0.459140622
2539,0.458628262
5594,0.449257902
4772,0.449100278
8615,0.443157324
8905,0.440986776
4779,0.440190636
3567,0.436931446
5175,0.431205196
60676,0.429499773
1457,0.419992801
81494,0.417266568
115761,0.41602755
7180,0.414255743
3558,0.40893858
131450,0.405375824
9097,0.397579587
55553,0.393008003
9201,0.392402124
2932,0.385119195
5869,0.38106429
5728,0.371865755
4215,0.363144301
51083,0.362087277
3698,0.359425496
2773,0.358213448
9049,0.346793025
632,0.345873611
729,0.344861921
338,0.344527423
84295,0.342910742
2026,0.342577654
4361,0.342383431
52,0.339455321
27101,0.333347686
23753,0.332109972
5300,0.326391208
7802,0.321579167
7148,0.316925925
10797,0.314576464
84959,0.310979444
6198,0.307356148
1369,0.299953628
9686,0.298500931
7941,0.296056842
3949,0.294047012
8991,0.293744241
4968,0.29167152
64478,0.283307468
55308,0.277712171
9394,0.271933297
64115,0.270906545
3566,0.25078837
871,0.24675969
10000,0.244379075
26258,0.244273076
2264,0.242518236
51534,0.24116017
115650,0.23956128
5589,0.23797231
5879,0.22974361
5295,0.228651391
84444,0.228515435
56648,0.2278223
4087,0.227821098
161,0.215368751
6320,0.210531897
9807,0.209938016
11148,0.205672072
51115,0.203840653
5315,0.203158438
51206,0.202087366
1933,0.201262732
81693,0.194651639
717,0.190436198
11096,0.189547692
7936,0.18796807
22978,0.185899624
134265,0.185561822
220388,0.182970882
2253,0.17892043
5770,0.178689078
3659,0.173096127
8894,0.172011836
637,0.165078951
8792,0.161657946
1984,0.161059647
89780,0.161026983
6817,0.160799589
5352,0.160572565
27429,0.160221819
11165,0.155327905
353514,0.148847144
5972,0.148399626
59067,0.146264933
53832,0.14599596
3717,0.142001265
7316,0.141885546
29934,0.140914049
64215,0.138734976
27180,0.138726189
55233,0.131336506
7045,0.130609875
11344,0.12650885
84868,0.122698296
3300,0.121355439
4478,0.115934383
9378,0.111227784
92597,0.110963555
2934,0.109640213
2548,0.106926388
145482,0.105561843
3426,0.103222626
1398,0.101191397
5579,0.09660513
249,0.095869663
467,0.09154696
54205,0.087000241
79258,0.086708204
2069,0.085455125
8744,0.084124268
10127,0.081801051
9039,0.073766128
10892,0.073355989
23509,0.069604012
10963,0.067550481
10841,0.064075245
4599,0.06171023
79042,0.059663031
123803,0.057291197
10190,0.055817766
1605,0.05528515
7036,0.050962124
10298,0.049445638
9997,0.046331778
29124,0.043044463
9498,0.040084689
6919,0.036941623
797,0.030406259
1012,0.024740057
836,0.023836056
7171,0.01998673
8428,0.01594494
64167,0.009158201
212,0.007298138
55520,0.004317841
91369,-0.004100194
84290,-0.007186773
5901,-0.023102819
221120,-0.025486606
4233,-0.027680486
7415,-0.028878682
8536,-0.0358689
2628,-0.03951189
389,-0.041310593
129450,-0.044727581
1947,-0.045264654
5321,-0.046734345
3559,-0.049578967
11009,-0.051935983
170384,-0.055660062
55014,-0.057672256
9817,-0.058553483
4521,-0.059802262
9861,-0.062715425
5153,-0.072948743
2214,-0.077682108
25837,-0.079661347
7157,-0.079782694
339221,-0.080452518
5834,-0.08692402
5578,-0.088871757
112476,-0.095601954
2042,-0.096688016
3597,-0.09838323
411,-0.103950347
6772,-0.107645054
25853,-0.116859229
55662,-0.118439238
6401,-0.121379884
999,-0.123184531
5866,-0.123220184
54921,-0.12330025
3714,-0.125450449
144233,-0.126835122
10935,-0.127341466
1496,-0.128001004
1152,-0.138764842
10095,-0.139442826
7031,-0.148836494
29949,-0.156363401
10519,-0.163626473
4486,-0.164240917
9636,-0.168283527
6490,-0.170021335
4352,-0.173532009
66005,-0.177208643
80218,-0.181739975
3329,-0.1832217
10068,-0.195447271
202052,-0.195716423
3093,-0.197592379
493856,-0.198530212
5648,-0.208950065
8809,-0.210117719
4200,-0.224314799
9941,-0.227557458
9135,-0.230834041
3159,-0.233847377
196541,-0.234870577
5892,-0.241055872
7812,-0.241647018
3084,-0.24776931
10443,-0.260856077
11047,-0.262290876
6390,-0.26372089
4090,-0.26897974
7318,-0.270518689
25843,-0.27226314
9124,-0.275759477
50943,-0.284771658
60468,-0.285542787
1746,-0.288428441
1005,-0.294163577
1051,-0.304805687
4068,-0.305854556
50604,-0.307285165
2969,-0.312823227
92344,-0.319345562
8821,-0.323193161
54442,-0.326996181
200504,-0.328824102
3416,-0.338850303
10919,-0.339866878
1192,-0.340000163
6469,-0.341844163
695,-0.34428834
5268,-0.345764746
3958,-0.348050754
210,-0.355686934
7374,-0.358738164
87178,-0.368954135
196527,-0.369757308
55454,-0.370761256
53335,-0.373517624
94,-0.373576334
55118,-0.375767843
950,-0.379890685
2885,-0.381815935
148738,-0.386131816
3624,-0.388369861
5373,-0.395259915
2220,-0.395811923
10584,-0.401093017
8574,-0.401287826
2182,-0.404046323
5534,-0.408097439
5329,-0.409582567
8742,-0.412426543
79922,-0.413726274
54586,-0.417342372
83658,-0.417618053
4803,-0.418959354
27189,-0.421735283
8995,-0.422079602
23236,-0.422902367
1471,-0.423578043
9158,-0.424326844
23640,-0.425920423
2212,-0.44198854
93099,-0.445016693
866,-0.446870357
60685,-0.453988745
7429,-0.46709837
117143,-0.475770051
4482,-0.481185048
152831,-0.48203454
3459,-0.482836665
9021,-0.484513312
4038,-0.48668672
4153,-0.48859475
7058,-0.488876097
3479,-0.491863645
23204,-0.494387158
10509,-0.502614956
219402,-0.507066147
9370,-0.509024303
8542,-0.518163282
7203,-0.519447582
84693,-0.529230917
2081,-0.546673952
1948,-0.549297005
11200,-0.557932916
283899,-0.563701711
23070,-0.565024246
84735,-0.570797604
3837,-0.57409226
276,-0.575271196
8455,-0.576074713
23166,-0.577181831
79447,-0.585606922
4879,-0.588540231
1072,-0.59069014
402665,-0.595127415
80221,-0.596565352
25814,-0.597910627
55738,-0.599617181
120939,-0.603231431
387082,-0.607377981
23474,-0.609762231
9048,-0.612607889
10105,-0.613546612
10882,-0.620404036
83440,-0.622081996
3977,-0.622283281
654,-0.625862895
8832,-0.632020544
9315,-0.632452487
7164,-0.635239749
374887,-0.642221632
50964,-0.642720025
6892,-0.646911297
1400,-0.646922338
51715,-0.650241943
10417,-0.650535613
168667,-0.652771821
2550,-0.661783636
7172,-0.666468691
3456,-0.667654791
10573,-0.668370481
2923,-0.67311647
966,-0.679973506
143903,-0.690382549
3305,-0.691725732
640,-0.692933244
80212,-0.695014571
2263,-0.698850946
8672,-0.707286539
27036,-0.707970023
2690,-0.721346076
83941,-0.724821135
115827,-0.728473789
1829,-0.728968151
3973,-0.734946946
4690,-0.735593276
7124,-0.746041075
10241,-0.746745214
55870,-0.748821479
22914,-0.750455438
54962,-0.757274765
1027,-0.764893454
10352,-0.766519214
4916,-0.767960027
11093,-0.769738917
1024,-0.77176221
654790,-0.774544394
8754,-0.777777877
57497,-0.783535263
10019,-0.784796483
10553,-0.787276558
5798,-0.793239331
256302,-0.794571876
7098,-0.797934622
5921,-0.805457836
1054,-0.80615107
7038,-0.809101624
4137,-0.811870773
2254,-0.820243067
115352,-0.828439768
6414,-0.828479049
3984,-0.828985235
5957,-0.83480182
5778,-0.853240577
51330,-0.855011826
126014,-0.858576057
1441,-0.858816547
969,-0.858900074
2875,-0.860332617
1969,-0.863236607
4684,-0.865507087
55748,-0.873130919
285704,-0.875419714
939,-0.884462867
1493,-0.885695427
389383,-0.886433989
56624,-0.899888961
3292,-0.904639036
1474,-0.912670798
9874,-0.915304972
9780,-0.916325796
23208,-0.920873899
55697,-0.920893226
2066,-0.929072252
28514,-0.940244763
145645,-0.946200005
6303,-0.954041247
6622,-0.955770533
7923,-0.956904175
355,-0.959513577
10524,-0.963728998
92737,-0.966599447
384,-0.967560724
9627,-0.970513311
5276,-0.973114493
79709,-0.98429385
916,-0.988176868
948,-0.995493721
6586,-1.009779884
10455,-1.015747801
6599,-1.017819086
4254,-1.022245125
8099,-1.027297567
3371,-1.042457047
9568,-1.045930873
57451,-1.059039453
3663,-1.060399459
5159,-1.076262802
90952,-1.081831609
4790,-1.086626795
2281,-1.089032136
3605,-1.093556654
23435,-1.099310936
6997,-1.100039956
51661,-1.100933592
57447,-1.108881188
6789,-1.110110408
3489,-1.115546028
4319,-1.117802255
6439,-1.11872105
8646,-1.121533459
9445,-1.122297563
5689,-1.123114313
1848,-1.127002276
219,-1.135187075
567,-1.135237285
150684,-1.135544085
4043,-1.13705495
7173,-1.137387277
153218,-1.141304847
51684,-1.157924296
1636,-1.164722535
327657,-1.164972491
5710,-1.166896349
79660,-1.177633687
2165,-1.179849286
2638,-1.180306553
114971,-1.186367704
7804,-1.187160475
59343,-1.187892336
1513,-1.188023702
325,-1.191216743
2169,-1.207495874
4780,-1.207601534
79007,-1.208533197
51738,-1.210161328
23586,-1.211562256
5468,-1.219048247
6362,-1.225443906
9455,-1.228652064
9317,-1.248290309
23286,-1.264485911
3627,-1.267617147
599,-1.27841156
2213,-1.281361863
1089,-1.294500073
79840,-1.303613055
3592,-1.308645636
6318,-1.311824743
2,-1.32121641
1118,-1.321462413
57633,-1.328786694
55120,-1.332494679
4607,-1.344277584
2247,-1.34483048
374383,-1.350935791
9308,-1.360014276
3273,-1.363298475
7398,-1.364299919
22871,-1.36632336
10653,-1.374584214
54,-1.382942284
5874,-1.402113744
4908,-1.403817537
53940,-1.406331965
2553,-1.406353785
2261,-1.407934509
5480,-1.408037918
2670,-1.409131312
284252,-1.409385286
2618,-1.419887103
133686,-1.421097161
284613,-1.423035187
1576,-1.426103403
2155,-1.42644036
10424,-1.431062931
51314,-1.434344176
5789,-1.438758472
200150,-1.43925095
8764,-1.451880934
27163,-1.458000539
1956,-1.470571712
3578,-1.471173054
673,-1.487937778
23308,-1.488270422
55284,-1.491571755
8743,-1.494393945
6504,-1.495447534
2919,-1.496016858
644168,-1.515959007
7057,-1.516149
3075,-1.52032856
5919,-1.524438386
2246,-1.528502857
356,-1.532441803
2719,-1.540845055
23654,-1.543098434
7099,-1.551832791
182,-1.556799376
8128,-1.558067106
202051,-1.561412381
604,-1.566208794
11314,-1.571445405
56616,-1.571937318
4121,-1.58005369
51384,-1.58387655
5618,-1.584308537
5054,-1.586765708
3425,-1.608646103
114784,-1.61144036
7049,-1.616851858
10901,-1.620377726
8224,-1.620720997
9402,-1.622094727
6402,-1.622823405
353376,-1.63363458
10605,-1.636604511
10500,-1.638381962
51557,-1.642128599
6750,-1.644592157
3880,-1.646190537
9079,-1.648519727
6272,-1.657721284
506,-1.662949419
3240,-1.666405155
8314,-1.672593792
346007,-1.679311667
6374,-1.680562223
26289,-1.682358711
1950,-1.68685719
8740,-1.690045717
2922,-1.695200693
80031,-1.712092584
22933,-1.729666846
84706,-1.735229582
79641,-1.742399732
246778,-1.753201943
2235,-1.7616587
2160,-1.773005374
5539,-1.777569057
627,-1.787506285
57689,-1.788591761
4017,-1.812617437
5686,-1.814950793
50863,-1.817096246
2920,-1.835742166
6678,-1.851132866
10447,-1.852801302
84572,-1.85440449
10857,-1.85724658
1946,-1.867906524
8639,-1.868539258
9131,-1.870762041
875,-1.872611246
4179,-1.878401949
2146,-1.883367632
10667,-1.90291859
1404,-1.903185118
590,-1.903992478
51091,-1.920376872
204474,-1.930025672
25928,-1.940141028
81605,-1.949845176
5156,-1.950758248
941,-1.958940993
3693,-1.959243714
4057,-1.964305987
6181,-1.964715403
6927,-1.967095057
3588,-1.968458977
2277,-1.980305981
55166,-1.982799852
337,-1.983391284
84695,-1.986499817
5168,-1.9865507
50616,-1.987384124
23765,-2.001719633
885,-2.004022801
29993,-2.012699939
683,-2.01348598
2335,-2.016470758
9527,-2.019247855
658,-2.020307532
11202,-2.021670958
91,-2.057551115
177,-2.074028705
1363,-2.094375217
79089,-2.098677804
7066,-2.104394794
960,-2.126082851
79827,-2.128944691
28972,-2.130902569
7040,-2.137174359
3643,-2.140196225
10231,-2.14793639
3725,-2.148667128
608,-2.151011297
6355,-2.153808324
5576,-2.160181143
3587,-2.16127222
2323,-2.17502808
85415,-2.181301587
79608,-2.181936162
3091,-2.183300693
29126,-2.184444731
3684,-2.205301618
6348,-2.205578016
4193,-2.209340738
5744,-2.211076756
4688,-2.215952415
4040,-2.222559548
3815,-2.241220782
919,-2.246391275
197,-2.249148019
27253,-2.260855528
2022,-2.276826939
6776,-2.276910247
5270,-2.283824636
23468,-2.284809977
2571,-2.285759794
1272,-2.28685213
4312,-2.29267055
51277,-2.295955163
962,-2.300807163
6446,-2.303589992
942,-2.307728694
5294,-2.309518509
1440,-2.3209148
56253,-2.345931777
51301,-2.351689424
1499,-2.354759154
51004,-2.371099777
3440,-2.372301379
4689,-2.398297099
3552,-2.404426963
9332,-2.417623219
7421,-2.423081494
5652,-2.43223858
10537,-2.433504803
56034,-2.434397732
54557,-2.444428785
4756,-2.44680088
23705,-2.451627995
4313,-2.453319864
6777,-2.4725178
54097,-2.473443277
3098,-2.488667426
5196,-2.492786221
246243,-2.495404155
8545,-2.497690519
2893,-2.515543002
482,-2.51696641
7177,-2.519331696
338324,-2.521567242
53616,-2.536705576
23071,-2.545429699
7412,-2.548424174
3083,-2.550233831
7075,-2.551783113
9212,-2.55637215
5523,-2.569241037
649,-2.570642247
55366,-2.582517668
9369,-2.583167079
652,-2.583643646
23411,-2.586172497
3570,-2.587405514
7369,-2.589885368
4685,-2.590217997
27242,-2.596036633
4045,-2.6073045
2811,-2.615135095
5154,-2.61691995
8600,-2.618092079
4853,-2.618789695
1794,-2.630635072
1893,-2.638185029
8534,-2.6385898
80739,-2.650034525
2308,-2.653671703
5873,-2.655574041
4283,-2.658898793
4296,-2.662312079
4921,-2.696297326
64866,-2.709852823
1604,-2.720585491
1439,-2.727299901
284,-2.733432495
5697,-2.747399618
7249,-2.758195299
4851,-2.771595051
2260,-2.778377585
57463,-2.78806232
5684,-2.799422493
54788,-2.81352072
5275,-2.814005899
6091,-2.821120696
4958,-2.823283443
10507,-2.832633978
9353,-2.83690589
23547,-2.847714261
27120,-2.855074769
7010,-2.863606914
80781,-2.865354879
1380,-2.86581876
3818,-2.868421353
54838,-2.869142009
4915,-2.879846931
840,-2.884418508
1839,-2.891975155
5101,-2.8972702
5698,-2.899156489
91653,-2.907337015
25939,-2.937009001
100,-2.945050269
6363,-2.980937163
5155,-2.988216606
921,-2.994040916
3482,-3.003150896
655,-3.008478851
8576,-3.019344326
1382,-3.032044583
4978,-3.064423863
2324,-3.067929768
6352,-3.075913258
58487,-3.093989373
9465,-3.107092258
253980,-3.10736286
3596,-3.115334266
710,-3.126341777
3290,-3.127274293
56920,-3.137162375
5950,-3.149222982
598,-3.162007143
257194,-3.174870232
1630,-3.178885711
23410,-3.188608315
11315,-3.212593784
2322,-3.255286741
148113,-3.259611157
9255,-3.271425834
2619,-3.277433599
2641,-3.285993741
6092,-3.288754564
135228,-3.291379933
10244,-3.309931212
25797,-3.318879304
1464,-3.321987309
214,-3.322836723
93145,-3.345953661
6418,-3.347819698
5368,-3.351080656
7078,-3.358183332
30968,-3.366284773
3480,-3.408472864
79047,-3.418142244
54926,-3.422317148
147381,-3.427727246
2159,-3.451019666
2057,-3.451610528
8784,-3.458065151
3560,-3.465040295
2215,-3.477510673
1803,-3.479097301
146760,-3.520070234
22854,-3.526722598
116379,-3.528612519
1805,-3.528994083
51816,-3.540797421
4316,-3.545988596
10059,-3.54850483
2171,-3.55555939
22943,-3.567011417
27255,-3.607726552
54814,-3.622093945
2676,-3.644236293
84894,-3.647071751
2202,-3.6697493
84898,-3.669854837
1081,-3.671669955
100130519,-3.675973008
54209,-3.684311
718,-3.696797483
1828,-3.706118652
1075,-3.706853581
1649,-3.71008999
27304,-3.734646707
100129128,-3.743465219
152002,-3.750969825
4919,-3.75776218
4055,-3.761651452
27351,-3.766210545
3791,-3.775393588
55055,-3.788123293
3565,-3.79090343
5627,-3.810415123
10563,-3.816421145
6692,-3.834286777
91461,-3.842849841
949,-3.858284162
5655,-3.872121277
1356,-3.888850743
1271,-3.909792673
84929,-3.93612339
57561,-3.937304296
1003,-3.940840312
4710,-3.941447817
5605,-3.948158671
9360,-3.959696202
335,-3.964478272
4481,-3.972487736
55327,-4.036164047
56265,-4.042197577
6361,-4.04337198
6376,-4.098813499
947,-4.102916698
3594,-4.154051244
6372,-4.159885287
1436,-4.167184995
1675,-4.175595002
9241,-4.191706374
5104,-4.204900254
5328,-4.228268272
2101,-4.243565628
3384,-4.290473683
970,-4.307636742
5118,-4.328087316
25805,-4.335235621
64094,-4.357712579
1281,-4.361868988
5008,-4.403990659
7169,-4.484129323
22925,-4.510628196
3227,-4.513578286
6349,-4.566324625
3053,-4.606483112
138046,-4.642203019
2740,-4.656613417
6204,-4.678563131
112744,-4.743425072
26998,-4.749772241
4321,-4.773799976
165257,-4.881025163
6648,-4.92651817
30817,-4.999457923
3965,-5.052701226
56884,-5.061152788
6373,-5.067310838
3593,-5.082401022
6356,-5.084713385
8190,-5.209893754
5340,-5.315193914
1277,-5.324350611
114900,-5.3326105
28992,-5.416136747
3001,-5.434799496
2048,-5.498134346
6387,-5.537001643
151887,-5.680146522
7535,-5.805759846
6367,-5.842273069
4237,-6.056369175
7037,-6.396475587
26577,-6.467231637
3730,-6.484793901
10457,-6.514546671
1889,-6.540282583
57452,-6.701510035
10631,-6.701896912
1300,-7.629269888
6424,-8.670277044
7060,-9.567839174
7059,-10.8822705