SeqId,UniProtID
8795-48,P02786
21115-48,Q7Z5W3
14042-11,Q8N474
19570-12,P55075
6647-55,P0CG48
9388-18,Q96PE7
9842-2,P35222
4500-50,Q9Y240
7241-12,P20963
2480-58,P35625
9456-34,Q969J5
4969-2,P00915
3175-51,Q76LX8
9237-54,P11117
3554-24,Q15848
8485-7,Q14145
3083-71,Q9HAV5
4145-58,P20783
3736-60,P22004
18839-24,P01266
12509-115,Q8N668
22584-2,O75581
13599-15,Q7Z6M1
5837-49,P42702
3290-50,Q6YHK3
4250-23,Q9UNZ2
22545-20,Q86SE5
11154-3,Q14494
3474-19,P07996
2686-67,P24592
6558-5,Q9Y6Z7
11279-42,Q9UBS5
13718-1,Q16552
3359-11,P49336
3860-7,P60900
5803-24,P01024
23308-31,Q719H9
3446-7,Q13478
21942-14,Q9UBV4
5424-55,Q9Y6Q6
6064-4,Q9BS26
3807-1,Q9GZV9
11285-8,P28906
3197-70,P14735
22774-20,Q9BSV6
3758-68,P04070
11816-84,O60674
2742-68,Q9Y286
21196-29,Q9NSI8
9296-15,P23468
17398-55,P09601
12352-70,Q96B67
11311-79,P15918
3795-6,Q13443
26782-45,P08631
7247-1,Q5T7V8
19202-10,Q06187
2973-15,P16671
19622-7,P08476
4342-10,P05362
31669-124,P49368
4284-18,Q14498
5117-14,Q96MS0
13639-101,O60763
18417-3,Q9HBK9
9845-33,Q99497
3484-60,P01019
3187-52,P54108
24427-33,O15327
9169-14,P55854
20546-71,Q86UN2
4374-45,Q99988
5801-72,P01138
17466-72,Q96CM8
10550-37,O00238
17696-1,Q86XR7
20581-42,P43220
12799-65,Q9NZQ0
15562-24,P08236
4157-2,P00734
4811-33,Q14624
15523-9,P13716
9826-135,P49789
2877-3,P63279
9057-19,Q16186
8006-12,Q9NXW2
4697-59,P04141
15365-41,O60242
5939-42,O43508
12430-78,Q9H074
17685-9,P06727
8243-55,P00995
6918-183,P06307
3472-40,O15392
2975-19,P29279
2615-60,P52803
5903-91,P11142
13377-3,Q8N8Q1
5988-49,O43557
5526-53,Q9Y5U5
4718-5,P23284
19168-71,O43586
11530-37,P08397
3074-6,P18428
29279-2,Q7L2Z9
7924-7,P09693
5092-51,P78504
18930-28,O94813
12433-8,Q969Q4
7789-182,Q13162
9283-8,P16070
20203-45,P09871
5618-50,P58499
4763-31,P43652
6556-5,Q9UJA9
2654-19,P19438
4192-10,P14550
15627-83,P31749
3873-51,P07202
5015-15,Q13093
4960-72,P04083
8427-118,Q9BXY4
20090-63,Q969T4
33157-70,P22830
8034-6,A6NNA5
21667-57,Q01064
5915-58,P50542
18874-66,P49715
19154-41,P07093
17821-20,O60551
23666-35,P31939
4240-31,P14618
14086-11,Q92484
19557-3,Q86Z14
19236-24,P53999
9196-8,P47929
3427-63,P68400
3196-6,P10915
20536-11,Q96AP7
24414-3,P11216
21319-196,Q6IN84
35768-8,P32970
2752-62,P43026
24417-22,Q15276
9409-11,Q15661
18188-12,P50440
8463-2,P08294
6603-18,P23352
7124-18,Q9HBE4
33753-14,P36969
8299-66,P59901
12432-23,Q9HB71
19130-81,P50452
3052-8,P48023
9294-45,P55001
25913-17,P02794
2603-61,P33681
3394-81,P53350
25225-14,Q9BXU8
10344-334,Q13651
5757-45,O95467
15669-7,P15056
2985-35,P09341
12041-33,P34931
28472-26,O60488
7957-2,Q8WXD2
18942-11,P28065
3323-37,Q14114
8837-8,O75121
23596-17,Q8N998
3437-80,P36888
12685-57,Q9NSB8
12775-6,O15347
10916-44,Q13018
25286-33,Q5R372
22057-9,P30837
31183-95,Q8NEV9
10056-5,Q08050
23693-4,Q9BUB5
11568-2,P68106
22966-20,O95166
3887-90,Q14974
13112-179,Q12841
3174-2,Q9UHI8
4785-30,P08185
4990-87,P07359
12504-26,P29536
3396-54,P00797
19640-2,P01270
16536-3,P17096
3189-61,P98073
11180-17,Q92922
11540-37,O43524
2644-11,P17252
11424-4,P16930
16607-78,P06396
9459-7,P25445
19207-119,P55263
22839-23,O14978
4588-1,P01298
14623-26,P55854
7100-31,P06729
3292-75,P09326
11351-233,Q9H9Q4
4979-34,Q07507
2946-52,P00746
21395-23,O14917
12751-26,Q9UKY1
15513-108,Q16651
5509-7,P01133
9877-28,P46109
18819-21,P45877
9855-10,P61586
9504-19,P51159
3311-27,O75015
23967-8,Q9BTK6
4141-79,P02778
8081-55,Q8N7P1
2642-4,P68402
13697-51,P21695
3853-56,P40925
14148-2,P05161
5864-10,P04075
12699-28,P50990
6645-53,Q15063
22547-17,P29558
23418-66,Q53HC0
9808-41,Q9UPQ9
12853-112,Q9NZR1
21661-82,Q8IXL6
3447-64,P10145
9282-12,P16562
22091-14,Q9UBR1
3831-21,P60484
3459-49,P09619
3423-59,P23946
3054-3,P00738
17772-7,O15205
6227-1,O43240
20517-1,Q14126
18817-50,P83916
6433-57,Q96MK3
7145-1,Q06033
9201-13,P37802
20241-9,O00161
18302-204,Q9H900
23929-159,Q7Z6L0
8957-72,Q96DZ1
2677-1,P00533
13103-125,P0DML2
24277-22,Q9UBL6
25967-34,P01033
24685-12,Q9Y5W9
2666-53,P07585
13653-335,Q9BQ69
20970-14,Q9H9R9
19119-10,P35638
18434-141,P62380
19572-10,P53567
14060-67,Q15080
14674-63,Q9UKS6
6455-52,Q86UW8
9259-35,O75509
10351-51,P10914
10479-18,P09238
9522-3,O95831
6375-75,Q8NBI6
10800-15,P50454
13129-40,P01130
20141-42,Q15560
15693-9,P06401
17804-102,Q9NVS9
5740-17,Q9Y6N7
15570-99,P20023
13723-6,P22301
5060-62,Q9NZQ7
12398-15,O43316
6416-8,Q86XP6
3808-76,P21802
2888-49,P10643
11237-49,Q15113
3855-56,Q06830
19575-4,P19235
18896-23,Q8IZP7
5364-7,Q01105
9769-48,Q8NFT8
8644-46,P09668
14132-21,Q9UM44
17794-6,O15305
3858-5,P24666
14093-10,P49771
2697-7,P02776
20386-15,Q6GMV3
5109-24,Q92823
3470-1,P16581
3294-55,P0CG37
5400-52,P48357
18884-22,Q9UDY4
8841-65,Q8IUL8
15666-21,P12643
10047-7,P19878
18405-117,P56377
25287-7,Q04637
8494-1,P01024
5013-2,O00299
23303-131,O14530
15414-316,P00338
7863-50,O00264
13614-6,Q92793
13665-35,Q06190
20434-23,A6NKN8
6504-65,Q9Y4K0
22129-55,Q9HB65
2844-53,P35590
3616-3,P15586
21713-11,P78509
4970-50,P00918
21513-1,P55210
2640-3,Q04912
10612-18,O60568
3413-50,Q16548
5888-29,P63241
8235-48,P05060
2762-30,O95750
15460-9,P27487
3073-51,O95998
15594-47,Q92743
4131-72,P02751
5035-7,P04818
9213-24,O95954
2948-58,P10912
2774-10,Q14005
14713-46,P20160
25922-7,O75197
21478-20,Q99717
3773-15,Q02763
9971-5,Q7Z408
9226-6,Q71RG4
22113-2,Q9Y2Z9
8933-84,Q06413
14047-78,P23560
5481-16,P20936
13621-31,O94973
2876-74,P11387
13991-47,O43432
13236-25,P56704
3028-36,P55773
7870-8,Q96KN2
7955-195,P19827
16851-50,O43819
30509-9,P22102
10387-1,P16860
4203-50,P23528
5737-61,Q92854
19333-4,P61978
9886-28,Q13426
10600-24,O14967
5412-53,P26842
20561-15,Q9UQ52
5451-1,Q13740
11354-21,Q9NQ66
3056-11,P26718
10557-6,Q8N6K0
5111-15,Q9HDB5
11587-5,Q8IWI9
21649-12,P56962
2658-27,Q16288
35554-7,P13500
10039-32,P00491
4328-2,Q9BWV1
4886-3,P80098
24422-36,Q86W54
4437-56,O75356
10666-7,Q9UJJ9
13501-10,Q8TBE7
2597-8,P15692
2693-20,P13725
3592-4,Q14012
15545-13,P63098
5301-7,P51671
23553-1,Q9P2A4
3285-23,P00736
8040-9,Q68G75
6081-52,Q9UKZ9
2474-54,P02743
11696-7,P29373
24221-3,P37231
9216-100,O15031
3651-50,P35968
10854-15,Q9P109
10086-39,P35520
11071-1,P05113
14096-1,P01374
12688-115,Q9UK32
14094-29,Q99075
24463-1,Q9UN36
13098-93,O43915
13730-18,P53634
21339-19,Q8TD30
6423-66,Q7Z5L3
13733-5,P29460
10677-9,O95168
5019-16,P09936
3835-11,O60603
14688-6,P35236
2475-1,P10721
5358-3,Q99983
18261-34,Q8N6N6
3022-4,P16410
3845-51,Q9NP97
13707-27,Q14515
8091-16,P48740
2579-17,P14780
6923-1,O00469
3194-36,Q9HCN6
2636-10,P36941
2681-23,P14210
23564-83,Q5VZV1
4150-75,P00747
11468-15,Q9Y4C8
3169-70,P35475
22505-24,Q4G0N4
12990-39,Q99759
2575-5,P41159
3122-6,Q9NR28
15596-7,O94992
3168-8,Q9UNA0
3535-84,O94907
19620-16,Q15700
8766-29,A6NI73
5638-23,Q8NBJ5
10490-3,P04843
20229-67,Q9BX74
3730-81,P43489
4162-54,P02787
4563-61,P19174
7875-86,P08567
13993-20,Q9H4G0
16551-14,P51692
2911-27,P21741
31534-2,P0CG47
10440-26,Q9H6B4
2201-17,P39060
13716-259,P00734
3798-71,Q16790
5007-1,Q16539
13719-19,O96013
10737-96,P30740
5843-60,Q96KQ7
5661-15,Q14116
9805-51,Q9NPR2
14599-18,Q9NY15
3844-2,P62937
14115-34,P35318
13131-5,P19367
9002-36,Q86U17
5351-52,P22626
16926-44,P05186
13657-2,Q96T60
3213-65,P14543
2714-78,Q12904
4127-75,P13671
5464-52,P62993
6472-40,P40967
32024-140,P22557
9837-60,P15559
14756-29,P13598
11336-9,Q9NPI8
25042-3,P23368
23672-10,Q15008
34622-86,P33908
5957-30,P61278
8916-32,Q13586
9844-138,P35609
4309-59,P60174
6651-74,P0CG47
23519-91,A6NGB7
7096-30,Q96DB5
3066-12,P17931
8833-43,P50591
3316-58,P05546
8407-84,Q04721
6593-5,Q14435
20520-14,Q92520
9443-137,P43235
3889-64,P20700
7805-52,O95249
16309-30,Q9UK85
17372-5,Q13541
4440-15,Q96P31
21375-34,Q8TBN0
21487-20,Q9UL45
13111-79,P41182
10363-13,P84022
11347-9,P37837
4322-28,Q9BXJ7
4831-4,P14151
13717-15,Q15485
4918-21,P01042
24699-20,Q15041
2783-18,P16619
25954-3,Q16849
10967-12,P01236
5009-11,P26038
12612-37,P20618
19187-21,O95630
5658-64,P05160
20073-22,P01116
3400-49,Q9UHD2
15324-58,P02792
2771-35,P08833
2925-9,P05121
3440-7,P12544
11101-18,O00206
2891-1,P20273
4129-72,P00751
4306-4,P29401
4862-63,Q13873
5687-5,P14314
3331-8,Q6NW40
9326-33,P19823
21227-18,P50225
21933-7,P41226
25964-12,Q9BXJ3
3391-10,P48736
19823-75,Q96EB6
4152-58,P03952
4829-43,P31947
10624-45,Q1W4C9
3600-2,Q13231
5316-54,P00734
12046-51,Q13148
12796-44,O95989
24952-28,Q96I24
11228-37,Q7Z5B4
8863-3,P27986
20161-41,P13591
5508-62,P07339
2599-51,P41273
9172-69,P22894
18880-81,P02461
9211-19,P36955
33770-13,Q9UPY5
15608-5,P23443
3488-64,P04040
15533-97,P21757
15314-49,Q9Y696
2819-23,P33151
5867-60,P05089
22510-6,Q16236
11537-12,Q9UP52
25033-194,P55072
5030-52,Q8IXJ6
17199-43,Q9NWT6
9875-107,Q96FV9
13948-50,O75899
20966-7,Q96LD8
3888-8,Q9UK53
12622-96,Q9NR48
34171-125,Q9HCJ2
8811-24,Q13145
9255-5,Q9P0M4
13101-60,Q9BQB4
2638-12,P07333
11319-106,P49959
7117-21,O75830
11162-37,Q9NQ60
25962-51,Q9H4A3
19545-145,Q99497
13658-31,Q9NRA1
17468-1,Q9UMX1
22972-26,P19875
3024-18,P08697
17752-24,P78540
25481-66,Q9UBB4
15381-45,Q16832
17447-52,Q6FHJ7
11368-32,P54819
12818-159,Q15849
21452-3,O00429
3326-58,Q9BY67
21996-28,Q9Y5A7
14755-4,P02788
9872-23,P26232
2827-23,P78423
11387-3,Q99941
20126-19,P14136
5632-6,Q9NQ79
11617-1,P20701
4160-49,P08253
21378-7,Q8TCS8
22055-31,Q12778
2700-56,P07225
6123-69,P04637
2746-56,Q9HC73
3000-66,P11226
12859-33,O75521
3580-25,P01009
28100-21,Q9Y2N7
13722-105,P02748
5606-24,P55081
2358-19,P35916
5599-88,Q8NBM8
24929-26,P35712
7218-87,P14415
21286-29,P62913
8240-207,Q14956
14056-32,P01215
19125-26,P13861
22529-31,Q8IWS0
8484-24,P41159
15589-1,P02774
16618-7,Q07108
3847-56,O95571
9889-42,Q8TED9
18813-15,Q9NUU7
12482-5,Q12830
11190-129,Q96TA2
5383-14,Q96RJ3
12720-71,Q9NRR5
11275-94,Q9NZR2
5275-28,P15498
2695-25,P16284
24294-13,P0CG13
16055-3,Q9BXR6
26275-5,P41236
2580-83,P05164
21837-3,P43308
9288-7,Q9Y680
20975-2,Q14206
22810-41,Q9BVW5
5440-26,P48788
4719-58,P30101
22845-3,O60783
19177-7,Q7L9L4
5798-3,P55957
18837-9,Q96EQ0
21387-64,Q16819
8221-19,P14174
8535-102,Q6E0U4
21406-25,Q16584
14066-49,Q86UL8
3466-8,P17612
5870-23,Q92934
12813-18,Q8NDI1
22578-17,Q9HCK4
4125-52,Q15109
12656-1,Q07866
11218-84,P51580
23321-42,Q8NBZ0
3486-58,P05230
3010-53,Q969D9
21134-9,Q9NS37
20964-13,P62263
3172-28,P15848
13671-40,P08246
8470-213,O60930
25898-4,Q9BWS9
8358-30,P30048
3070-1,P60568
10668-5,Q12846
3348-49,P13497
8918-64,Q14289
13228-75,Q00987
13479-8,A8MVW0
32015-53,P04406
3432-21,P29320
13686-2,Q01344
9450-18,O14519
4496-60,P39900
21670-52,O00308
13640-5,P41182
12798-46,Q2Y0W8
20542-47,P30988
6035-2,P15907
12558-3,Q8TF42
2381-52,P01031
2788-55,P08254
3419-49,Q13557
5813-58,P01588
17170-15,P10092
4673-13,P05231
22148-135,Q9BZS1
4567-82,O60880
16892-23,Q13822
4314-12,Q9H773
13742-66,Q9GZX6
2590-69,Q01973
13113-7,P10451
14088-38,P24592
12378-71,O15533
15602-43,P08887
19297-4,P11413
19206-20,P36639
11439-88,Q8IUC4
7152-5,Q8TDQ0
12382-2,O95786
18926-7,P25788
18158-4,Q14790
16057-6,P11717
8951-162,Q6UVK1
20103-176,O15527
24960-48,O75146
17823-40,P62316
25947-116,Q8NEB9
5628-21,Q9NS98
3710-49,P00747
12843-6,Q86VK4
4472-5,P07951
11391-69,Q03426
3192-3,Q96KP4
6935-123,Q13145
9177-6,P58499
2859-69,Q9BY41
4430-44,Q9BWP8
19523-215,Q99497
15427-35,P58215
31447-34,P09429
12501-10,O75347
4254-6,Q8IVD9
5825-49,P15260
20437-9,O14645
35094-53,Q01469
6997-32,Q9ULW5
7953-20,Q13291
3642-4,Q9UIB8
21430-4,P47712
4815-25,O95881
11440-58,O14543
15434-5,Q13519
3115-64,P28482
2989-6,P01579
2943-5,P08684
12854-3,Q99594
4859-6,P36894
17460-51,P20591
5882-34,P24534
4159-130,P08603
9869-28,P19838
3336-50,P10646
21123-1,Q13084
4545-53,Q96DA6
13496-19,Q01581
25095-1,Q9Y6H5
9823-2,P00374
19228-11,O95816
5107-7,P46531
4965-27,P06576
15567-2,P20963
8992-1,Q9UHN6
17766-5,P14598
3184-25,P08709
5852-6,P80511
12756-3,Q9BYV9
2849-49,P55008
17148-7,P30043
4156-74,P61812
3291-30,P06734
19558-10,O75096
22969-12,P80098
4479-14,P05155
4995-16,P15428
10910-6,O75871
11395-5,Q14289
2708-54,Q9UNG2
9754-33,P16083
18380-78,P02768
21104-37,Q9BZL1
4234-8,Q01638
22003-4,Q15165
22041-26,Q13163
2857-70,P04150
5138-50,Q9NP84
13576-15,P09211
22773-69,P21912
21367-63,Q96F24
2618-10,Q15303
2743-5,Q15465
18323-39,Q14194
13609-11,P78347
10354-57,P40763
20512-2,P43121
23378-29,Q9UFW8
3817-18,Q04759
4900-8,P01024
2939-10,Q5T4W7
3839-60,O00170
17366-6,Q96GG9
2634-2,P31785
2468-62,P78556
4891-50,P01275
24050-26,P49841
5069-9,P08174
11096-57,Q9Y5N5
11428-31,O00151
4487-1,P21781
23263-9,Q96SI1
12650-43,P08754
2961-1,P04070
2813-11,O00253
5012-67,P00568
16074-12,O75791
4318-12,P29350
8932-1,O75354
5034-79,P07478
8059-1,P40225
3346-72,Q96GD4
18449-33,Q13427
22534-14,P60510
4924-32,P03956
20091-138,P20827
13104-32,P98172
22075-16,P18847
3009-3,Q03167
2860-19,P52292
25100-11,Q8IY22
24917-95,Q96KC8
4261-55,P27169
3719-2,P46527
10366-11,P16234
5255-22,Q08499
18943-4,Q8N8N7
10023-32,P11473
13438-115,Q9H2X0
3473-78,P40238
4717-55,P08700
10342-55,Q8N2W9
4961-17,P07355
3485-28,P61769
10714-7,P12821
7755-37,P18084
2869-68,Q05655
5093-47,Q9Y219
4535-50,Q10588
3412-7,P10415
4467-49,Q14515
7918-114,P04745
15417-3,P36952
20514-8,Q13145
3761-4,P35354
7628-40,Q96HD1
8320-5,Q9NWH9
24416-20,Q7KZF4
3312-64,P12314
15446-25,Q02297
3037-62,P01584
4866-59,Q16620
4959-2,O95994
21403-39,P49815
22063-20,Q96L46
2972-57,P18075
18931-40,O75094
23665-35,P17980
3497-13,P01563
5596-75,P06127
3234-23,Q76M96
21848-18,Q712K3
7803-4,O43916
4158-54,P00749
8086-49,Q9Y287
9197-4,O00182
5437-63,P05413
2706-69,P05543
13596-3,O00194
7849-3,Q16769
15515-2,P0DJI8
14051-54,Q99958
14101-2,P26992
5630-48,Q9UGN4
21308-44,Q9BTZ2
15606-19,P08727
13941-82,O95363
21981-2,P11215
4547-59,Q9NZU1
20926-31,P18846
2974-61,Q12860
35266-111,Q4KMQ2
2632-5,P42701
2665-26,Q02223
3310-62,P31994
21819-9,P18615
13085-18,P43220
14123-34,Q9H7M9
9343-16,P14784
9068-17,Q5VZ66
4149-8,P01127
5014-49,P16333
23524-2,Q96AB6
8242-9,P0C7M8
11300-32,Q99523
13720-95,P24158
16805-5,O76074
12812-25,P14621
19568-17,P40933
13097-11,Q92843
7196-21,P05000
15388-24,P08637
15426-5,Q99519
12676-1,Q9BY11
15635-4,Q9H3U7
7905-30,P00738
3461-58,Q96GW7
17710-40,Q16890
22783-40,P17947
13470-43,Q03431
5756-66,Q9BXP8
11164-7,Q9NT68
21359-17,Q16612
18340-2,P28070
6255-74,Q96SM3
22121-43,Q5T6F0
3508-78,O00626
24437-6,A6XGL0
2870-29,P63000
21804-15,Q5JSQ8
3344-60,P01008
9204-33,P01189
9377-25,P21583
24951-3,Q08AM6
4559-64,Q16719
3217-74,P07093
18429-10,P12830
2631-50,Q08334
4834-61,P29317
3305-6,Q9NR61
11140-56,P02452
4560-34,P06239
2962-50,P12272
3035-80,Q9UHD0
10949-59,P05387
5343-74,P16870
11338-49,P51451
14085-28,P35225
26126-8,Q9UJZ1
4985-11,Q01469
9188-119,Q07325
10636-1,Q8TD46
7735-17,P36955
9778-45,Q4KMG9
2775-54,Q96PD4
19491-11,Q92506
11838-130,Q92508
12518-289,Q86U86
4146-58,P34130
24940-3,O14920
3025-50,P09038
10356-21,P05412
21955-36,P46379
19153-53,Q15777
13748-4,P80075
3042-7,P02144
7959-34,Q9ULB5
8304-50,O00300
9224-20,P16471
2687-2,Q16674
9907-216,O95271
21967-20,P28845
18401-18,Q96Q83
3151-6,P01589
16616-137,P13929
2855-49,P27361
11545-9,Q92956
19169-88,O43427
5063-12,Q9BZW8
3890-8,P07195
21875-31,Q9H8U3
3448-13,P06213
4132-27,P19883
24431-32,Q8N1G2
10855-55,O15031
9854-36,P15121
3837-6,P43403
27279-36,P48788
9185-15,P04155
3623-84,O95711
8295-16,O95897
3796-79,Q9BY76
19767-20,P24864
20550-38,Q9P121
23317-10,Q6UWP2
10365-132,P29460
21109-1,Q96G28
21331-19,Q4VC05
10339-48,P09104
15667-39,P12644
3040-59,P10147
3504-58,P81172
11303-7,Q9Y3Z3
24938-7,P63010
6491-59,Q9H2R5
8368-102,P20333
3613-62,O00602
4708-3,P14061
26070-9,O15394
14073-31,P02790
6507-16,O15394
3495-15,P80162
5634-39,Q9H488
5228-25,Q02241
3029-52,Q9NNX6
6990-44,Q9HCN8
22977-18,O94992
4840-73,P09919
2915-6,P12004
4540-11,P45973
18841-1,Q9UIV8
17495-141,Q9NTG7
4355-13,Q9UIK4
12351-25,P42224
7266-4,Q86WD7
21382-70,Q9H777
8900-28,Q92859
17453-34,P00450
3366-51,Q16610
22491-10,O43679
22953-85,P17676
2937-10,P02649
5353-89,P18510
17166-4,P55075
2992-59,Q96F46
8400-74,P07492
5897-58,P07492
14634-13,P22888
21144-160,O00141
3332-57,Q6ZVN8
3516-60,P48061
21221-67,P50453
3519-3,Q92583
3471-49,O75716
11280-6,Q99259
21758-65,Q9HC62
15474-7,Q13526
24651-1,Q16799
9303-9,O75144
4130-71,P10767
3186-2,P06681
5698-60,P22105
33030-6,P49908
21987-76,P06858
2567-5,P05156
9859-180,P21673
20423-40,Q99828
19280-29,P61077
5748-20,Q13510
8033-1,Q9H819
7137-8,Q9UJ68
20958-13,Q9ULC3
24475-45,Q9UMY4
15395-15,P09488
22080-22,Q8WZ19
10772-21,Q8N6G5
16304-6,Q9BXB1
7200-4,Q9ULH4
7092-7,Q8N807
3611-70,P42892
7202-107,Q9H3T2
2811-27,Q15389
14127-240,P01574
5248-68,P30405
3628-3,P36507
14131-37,P52799
4435-66,Q6UWV6
2633-52,P78552
24723-58,P20042
25465-42,Q5VWP3
7933-75,Q9P0K1
11248-43,P10746
23660-112,O60662
21999-61,P80303
11293-14,Q6UXK5
16318-12,P37023
16907-3,Q8N3J6
14108-15,P01137
5490-53,Q08629
5085-18,Q9UHF4
10506-53,O15173
8239-223,P06276
16015-19,P24298
21887-2,Q8IUK8
2190-55,P03951
2719-3,Q99062
11438-6,P25686
8480-29,Q12805
14334-3,P35243
24499-36,Q5TDP6
31524-5,P48061
2917-3,O14788
16606-85,P15121
7831-39,P02753
21676-17,P05120
2794-60,P00441
3283-21,Q15582
3727-35,P10082
8069-85,P07766
17682-1,P15529
9532-5,Q9NX94
19289-29,P06132
2970-60,P15514
21491-7,Q16853
2751-16,P20160
3309-2,P12318
4842-62,P51654
5480-49,P13501
4874-3,P03950
6620-82,Q96FE5
15444-45,P48594
2833-20,Q9Y5K2
22136-9,Q9Y2C4
23581-131,Q9UBU3
8094-20,Q8N5K1
2750-3,P02647
2436-49,Q9H2A7
5792-8,P02771
15385-116,P12104
8280-238,P04004
10364-6,Q15796
3044-3,P55774
26281-1,Q08431
4423-77,Q07817
4480-59,P01024
13572-43,O00231
18882-7,Q9H4D0
18925-24,P28066
4908-6,P17813
16818-200,Q9H5V8
15591-28,P07203
3132-1,P49767
3593-72,P42574
9451-20,P07911
4976-57,P46108
8971-9,Q9ULB1
22792-21,Q9UGM6
19147-6,Q9UHV8
22414-127,Q9UKI8
12473-48,Q9NXV2
12554-10,O75771
13669-6,P22607
18185-118,P05062
2441-2,O15520
5854-60,P10636
11307-33,Q9H0M0
4851-25,P01583
7142-5,P15169
12341-8,Q16828
3055-54,P24394
20120-101,Q86WK6
13089-6,Q16665
15499-11,O75882
24486-1,Q9H165
2806-49,P36896
10063-10,Q9NW38
21167-33,Q8WUK0
3043-49,P09486
24273-43,Q8N427
11949-25,P01133
3181-50,P25774
5810-25,P13385
3077-66,P00742
5089-11,P16871
4232-19,P08069
12370-30,Q13790
3178-5,P53634
32685-35,P02750
8893-29,P09874
5339-49,P06702
12497-29,Q9BRJ7
5340-24,Q92851
19332-1,Q9Y3A3
2585-2,P01236
7909-37,P04278
6495-14,P05305
22150-2,Q06547
20918-28,P09234
3640-14,P30533
2683-1,P01024
9013-60,O95631
11355-10,Q9GZV4
21740-26,O94782
12976-49,O60504
23396-21,Q6IBS0
7854-38,Q68D85
7660-21,P67936
12508-9,Q9Y3E7
12617-2,Q9Y6E0
4282-3,P62826
13090-17,P06703
5465-32,O60243
8458-16,P37840
8960-3,Q6P179
15368-3,Q8N8U9
25300-39,Q9UDY8
8664-36,Q504Y2
24266-2,Q14814
4187-49,P52209
4542-24,P10909
9930-48,O75899
13067-5,Q13976
14095-1,P26718
22985-160,P18065
18158-45,Q14790
5028-59,Q86VB7
7968-15,O95727
35262-59,P49190
14023-84,P21815
13568-30,P55036
17176-13,O75475
3581-53,P02765
5581-28,Q08830
25308-8,P53667
5822-22,P39905
12689-56,O15143
17702-53,P22309
28281-20,P14770
8923-94,Q8N428
2635-61,Q6UX15
7199-3,O14994
10630-5,Q9BUP3
4988-49,P22455
8982-65,P49746
2609-59,P01034
20921-1,Q8TF65
21685-29,P43146
9783-75,Q9NVH1
21111-49,Q9NZL4
12692-56,Q8TEK3
15573-110,O14594
11229-16,O75460
25879-6,Q92993
2875-15,P20226
3708-62,P01023
12954-71,Q07869
24958-3,P48382
3800-71,P12277
2670-67,P06732
5021-13,Q15181
20463-315,Q9P2X3
5088-175,Q5VWK5
20225-119,P42229
4905-63,Q14019
2843-13,O43291
12426-19,Q9H8S9
24914-10,Q15910
13130-150,P52789
2682-68,P10809
5260-80,P29597
12735-39,O75534
5100-53,Q14108
5834-18,P15248
20093-9,P19320
7852-9,Q9H2K0
10382-1,Q9Y5C1
3799-11,P07451
3340-53,P35443
9378-6,Q8N539
12848-9,Q92974
22801-83,Q8NHR7
24901-4,P09327
9332-6,Q30KP8
35712-15,O60609
8237-56,Q6X4U4
5337-64,P42081
15431-31,P00480
18225-13,Q9NRV9
2622-18,P30519
22010-36,O75569
6408-2,P55103
9598-23,Q96PZ7
10741-22,P09603
13706-12,P42701
8225-86,P29323
9873-17,P11474
3603-60,Q9BXN2
11081-1,P21695
4491-4,Q01344
2797-56,P04114
5846-24,Q13253
2851-63,P01031
21579-35,Q14896
3339-33,P35442
20943-14,Q9GZZ1
13613-23,Q9Y6K8
21121-31,Q8TBC4
3284-75,P21810
9815-5,Q07960
20530-2,Q8NFY4
14711-27,Q15828
12726-3,O00287
13109-82,Q7Z3B1
4140-3,P13232
4493-92,P20809
6225-3,Q16651
2692-74,P14555
19584-33,P31371
25076-2,Q13228
8424-269,P35222
4878-3,P00742
20432-6,Q9NXJ5
6404-20,O75973
21750-25,Q92560
3538-26,P20711
5635-66,Q9NZC2
3317-33,O43464
2837-3,P08581
3389-7,P05154
2828-82,O43278
5018-68,P30041
8866-53,Q9NXS2
2212-69,P00750
5489-18,P31948
16918-198,O15455
4151-6,P00747
14229-5,O95396
2619-72,P09758
3477-63,P04629
3634-5,Q14982
8659-68,O95866
4996-66,P04196
2977-7,Q9UNE0
15653-9,Q03692
10576-7,Q6UX71
6232-54,P42081
21366-7,Q96DH6
19189-2,P54578
10558-26,Q9HC56
21577-35,Q13451
13939-14,Q16851
19578-19,O60496
6296-36,Q8WWZ8
8099-42,Q9BUD6
2879-9,P01011
3343-1,Q03154
13011-20,P46783
22045-8,Q6EEV6
22504-3,Q92802
11462-8,O43251
6077-63,Q9NZK5
25218-10,Q9Y6A9
21693-14,P55290
4337-49,P02741
9365-91,Q5T1H1
13708-56,O60259
3534-14,P29965
6478-2,A6NGN9
3367-8,Q9UGM5
3173-49,Q02083
3038-9,O14625
10512-13,P32927
15390-3,P22466
12659-13,Q9NTK5
5065-8,Q01151
19596-18,Q92994
5954-62,P01270
22474-28,O43248
5011-11,P43490
11288-26,P49902
5112-73,P41217
13654-1,O75116
5463-22,P54826
10672-75,P07988
10760-107,P48058
3212-30,Q9NR71
9278-9,P48061
5350-14,Q9Y625
7089-42,Q9BT88
4922-13,Q99731
5918-5,Q06323
3005-5,P18031
2571-12,P17936
18342-2,Q9Y617
3522-57,P01282
19331-18,Q9UQB8
2836-68,P80188
5008-51,P04179
23343-6,Q9GZN7
10367-62,P29459
3321-2,Q13007
25051-104,Q9C0B1
4188-1,O43488
23556-4,Q14135
5909-51,P15531
5692-79,P01375
2999-6,Q13449
16043-30,P29353
2952-75,P05019
3874-8,P68036
18399-1,O43687
2637-77,P22897
17357-33,Q9HD40
5532-53,P11362
8418-30,P35222
21190-4,Q96B02
4883-56,P01308
8952-65,P09919
9848-22,P51946
3079-62,Q99969
22541-46,Q14691
22123-15,Q07687
22796-17,Q96BN2
22821-50,P13051
11510-31,O14791
21574-106,Q86SG5
18284-77,Q8IX03
7920-30,Q92186
3617-80,Q04756
7116-31,Q8IYS5
4499-21,P04085
4126-22,P17213
4276-10,P30086
17510-7,P37108
2979-8,P42830
19586-89,Q96E17
21827-7,P17081
29727-42,P35520
5637-81,Q9Y2I2
11556-19,Q8N6T3
15670-15,Q7Z5L3
21653-205,Q9BTM9
11544-39,Q92576
2649-77,P32942
22847-18,Q13043
20086-5,Q15907
25460-36,Q13568
7140-1,P08217
21204-70,Q6ICB0
11211-7,Q15813
25904-17,Q92608
3896-5,P18669
9385-4,P10253
5357-60,Q8N0W4
11333-82,P42331
11514-196,P13987
13663-2,P05112
4967-1,Q07021
3360-50,O96017
23367-8,Q6AI12
15620-4,Q8N2Q7
3220-40,P07949
11193-27,P20823
19751-21,P00813
3741-4,P05113
3232-28,P13686
5023-23,P30566
2789-26,P09237
3209-69,Q9NQ76
3209-68,Q9NQ76
4209-60,Q9NP79
3487-32,O43927
8264-43,O00548
5230-99,P04035
19222-124,P61020
2942-50,P99999
7099-33,Q8N475
2558-51,P01189
2711-6,P26992
7767-1,Q6UWE3
21995-20,P29474
17764-108,P08134
4956-2,O14944
21786-25,Q92772
4138-25,Q9NYY1
34665-75,P10586
5694-57,Q9H4F8
24179-48,Q96BW5
24471-2,Q9Y6X0
8369-28,Q14118
3627-71,Q495T6
21720-13,Q495W5
5065-98,Q01151
3007-7,Q9Y336
2443-10,P55075
3392-68,Q9Y243
21131-109,A2RUC4
15566-10,P51911
12986-12,Q9NUP9
13682-47,P07333
2652-15,Q03405
18321-38,P13995
12603-87,Q13310
12768-3,Q86XI6
16588-10,P11021
20534-6,Q8WTV0
4546-27,Q9UHX3
5264-65,P27797
17156-72,O15075
22019-21,Q9UQQ2
22404-4,Q92551
6221-1,Q9BRR6
9171-11,P50461
19152-4,P41236
5475-10,P05771
16583-8,P50583
10534-40,P09874
17380-2,P61086
25050-82,P29144
2976-58,Q02413
4155-3,P24821
14286-7,O95644
12534-10,Q13137
34540-29,Q4G0M1
11067-13,P02818