Protein,comp1,comp2,comp3
P11473,0,0.020751382587553782,0
P00491,0,0,0
P19878,0,0,0
Q08050,0,0,0
Q9NW38,0,0,0
P35520,0,0,0
P09104,0,0,0
Q8N2W9,0,0,0
Q13651,0,0,0
P10914,0,0,0
P40763,0,0,0
P05412,0,0,0
P84022,0,0,0
Q15796,0,0,0
P29460,0,0,0
P16234,0,0,0
P29459,0,0,0
Q9Y5C1,0,0,-0.0964748223007234
P16860,0,0,0
Q9H6B4,0,0,0
P09238,0,0,-0.22498407120252809
P04843,0,0,0
O15173,0,0,0
P32927,0,0,-0.014979504612281494
P09874,0,0,0.002535737857635758
O00238,0,0,0
Q8N6K0,0,0,-0.02642794564669631
Q9HC56,0,0,0
Q6UX71,0,0,0
O14967,0,0,0
O60568,0,0,0
Q1W4C9,0,0,0
Q9BUP3,0,0,0
Q8TD46,0,0,0
Q9UJJ9,0,0,0
Q12846,0,0,0
P07988,0,0,0
O95168,0,0,0
P12821,0,0,-0.0328807190277923
P30740,0,0,0
P09603,0,0,0
P48058,0,0,0
Q8N6G5,0,0,0
P50454,0,0,0
Q9P109,0,0,0
O15031,0,0,0
O75871,0,0,0
Q13018,0,0,0
P05387,0,0,0
P01236,0,0,0
P02818,0,0,0
P05113,0,0,0
P21695,-0.13419989868295365,0,0
Q9Y5N5,0,0,0
O00206,0,0,0
P02452,0.04955415151293507,0,0
Q14494,0,0,0
Q9NQ60,0,0,0
Q9NT68,0,0,0
Q92922,0,0,0
Q96TA2,0,0,0
P20823,0,0,0
Q15813,0,0,0.031889621958833984
P51580,0,0,0
Q7Z5B4,0,0,0
O75460,0,0,0
Q15113,0,0,0
P10746,0,0,0
Q9NZR2,0,0,0
Q9UBS5,0,0,0
Q99259,0,0,0
P28906,0,0,0
P49902,0,0,0
Q6UXK5,0,0,0
Q99523,0,0,0
Q9Y3Z3,0,0,0
Q9H0M0,0,0,0
P15918,0,0,-0.0036544405567684015
P49959,0,0,0
P42331,0,0,0
Q9NPI8,0,0,0
P51451,0,0,0
P37837,-0.08428485163355859,0,0
Q9H9Q4,0,0,0
Q9NQ66,0,0,0
Q9GZV4,0,0,0
P54819,0,0,0
Q99941,-0.034983718724831345,0.1522989825836857,0
Q03426,0,0,0
Q14289,0,0,0
P16930,0,0,0
O00151,0,0,0
P25686,0,0,0
Q8IUC4,0,0,0
O14543,0,0,0
O43251,-0.15643590636903598,0,0
Q9Y4C8,0,0,0
O14791,0,0,0
P13987,0,0,0
P08397,0,0,0
Q9UP52,0,0,0
O43524,0,0,0
Q92576,0,0,0
Q92956,0,0,0
Q8N6T3,0,0,0
P68106,0,0,0
Q8IWI9,0,0,0
P20701,0,0,0
P29373,0,-0.20580509544458137,0
O60674,0,0,0
Q92508,0,0,0
P01133,0,0,-0.049082917242052736
P34931,0,0,0
Q13148,0,0,0
Q16828,0,0,0
P42224,0,0,0
Q96B67,0,0,0
Q13790,0,0.03163105754918026,0
O15533,0,0,0
O95786,0,0,0
O43316,0,0,0
Q9H8S9,0,0,0
Q9H074,0,0,0
Q9HB71,0,0,0
Q969Q4,0,0,0
Q9NXV2,0,0,0
Q12830,0,0,0
Q9BRJ7,0,0,0
O75347,0,0,0
P29536,0,0,0
Q9Y3E7,0,0,0
Q8N668,0,0,0
Q86U86,0,0,0
Q13137,0,0,0
O75771,0,0,0
Q8TF42,0,0,0
Q13310,0,0,0
P20618,0,0,0
Q9Y6E0,0,0,0
Q9NR48,0,0,0
P08754,0,0,0
Q07866,0,0,0.0028034123465886726
Q9NTK5,0,0,0
Q9BY11,0,0,0
Q9NSB8,0,0,0
Q9UK32,0,0,0
O15143,0,0,0
Q8TEK3,0,0,0
P50990,0,0,0
Q9NRR5,0,0,0
O00287,0,0,0
O75534,0,0,0
Q9UKY1,0,0,0
Q9BYV9,0,0,0
Q86XI6,0,0,0
O15347,0,0,0
O95989,0,0,0
Q2Y0W8,0,0,0
Q9NZQ0,0,0,0
P14621,0,0,0
Q8NDI1,0,0,0
Q15849,0,0,0
Q86VK4,0,0,-0.0022059983380366766
Q92974,0,0,0
Q9NZR1,0,0,0
Q99594,0,0,0
O75521,0,0,0
Q07869,0,0,0
O60504,0,0,0
Q9NUP9,0,0.03667141110950702,0
Q99759,0,0,0
P46783,0,0.0739703627725961,0
Q13976,0,0,0
P43220,0,0,0
Q16665,0,0,0
P06703,0,0,0
Q92843,0,0,0
O43915,0,0,0
Q9BQB4,0,0,0
P0DML2,0,0,0
P98172,0,0,0
Q7Z3B1,0,0,-0.1541524446237863
P41182,0,0,0
Q12841,0,0,0
P10451,0,0.0926040126571643,0
P01130,0,0,0
P52789,0,-0.04851396515573551,0
P19367,0,0,0
Q00987,0,0,0
P56704,0,0,0
Q8N8Q1,0,0,0
Q9H2X0,0,0,0
Q03431,0,0,0
A8MVW0,0,0,0
Q01581,0,0,0
Q8TBE7,0,0,0
P55036,0,0,0
O00231,0,0,0
P09211,0,0,0
O00194,0,0,0
Q7Z6M1,0,0,0
P78347,0,0,0
Q9Y6K8,0,0,0
Q92793,0,4.8157083259932706e-4,0
O94973,0,0,0
O60763,0,0,0
P41182.1,0,0,0
Q9BQ69,0.02045262625195616,0,0
O75116,0,0,0
Q96T60,0,0,0
Q9NRA1,0,0,0
P05112,0,0,0
Q06190,0,0,0
P22607,0,0,0
P08246,-0.12081596538805761,0,0
P07333,0,0,0
Q01344,0,0,0
P21695.1,-0.15175765388284587,-0.06459022963398683,0
P42701,0,0,0
Q14515,0,0,0
O60259,0,0,0
P00734,0,0,0
Q15485,0,0,0
Q16552,0,0,0
O96013,0,0,0
P24158,-0.04005955813435557,0,0
P02748,0,0.28202704038672455,0
P22301,0,0,0
P53634,0,0,0
P29460.1,0,0,0
Q9GZX6,0,0,0
P80075,0,0,0
Q16851,0,0,0
O95363,0,0,0
O75899,0,0,0
O43432,0,0,0
Q9H4G0,0,0,0
P21815,0,0,0.1290214424419457
Q8N474,0,0.17849126503806076,0
P23560,0,0,0
Q99958,0,0,0
P01215,0,0,0
Q15080,0,0,0
Q86UL8,0,0,0
P02790,-0.008887859569535299,0,0
P35225,0,0,0
Q92484,0,0,0
P24592,0,0,0
P49771,0,0,0
Q99075,0,0,0
P26718,0,0,0
P01374,0,0,0
P26992,0,-0.0027363407398362095,0
P01137,0,0,0
P35318,0,0,-0.06364304552288101
Q9H7M9,0,0,0
P01574,0,0,0
P52799,0,0,0
Q9UM44,0,0,0
P05161,0,0,0
O95396,0,0.019235973771981586,0
O95644,0,0,0
P35243,0,0,0
Q9NY15,0,0,0
P55854,0,0,0
P22888,0,0,0
Q9UKS6,0,0,0
P35236,0,0,0
Q15828,0,0,0
P20160,0,0,0
P02788,0,0,0
P13598,0,0,0
Q9Y696,0,0,0
P02792,0,0,0
O60242,0,0,0
Q8N8U9,0,0,0
Q16832,0,0,0
P12104,0,0,0
P08637,0,0,0
P22466,0,0,0
P09488,0,0,0
P00338,-0.03911488476673781,0,0
P36952,0,0,-0.03450834888781107
Q99519,0,0,0
P58215,0,0,0
P00480,0,0,0
Q13519,0,0,-0.025753458845870828
P48594,0,0,0
Q02297,0,0.08012882446899629,0
P27487,0,0,0
Q13526,0,0,0
O75882,0,0,0
Q16651,0,0,0
P0DJI8,-0.12468930319910752,0.13775058924201272,0
P13716,0,0,0
P21757,0,0,0
P63098,0,0,0
P08236,0,0,0
P51911,0,0,0
P20963,0,0,0
P20023,0,0,0
O14594,0,0,0
P02774,0,0,0
P07203,0,0,0
Q92743,0,0.06568585681109422,0
O94992,0,0,0
P08887,0,0,0
P08727,0,0,0
P23443,0,0,0
Q8N2Q7,0,0,0
P31749,0,0,0
Q9H3U7,0,0,0
Q03692,0.11377926487585104,0,0
P12643,0,0,0
P12644,0,0,0
P15056,0,0,0
Q7Z5L3,0,0,0
P06401,0,0,0
P24298,0,0.12437982775931199,0
P29353,0,0,0
Q9BXR6,0,0,0
P11717,0,0,0
O75791,0,0,0
Q9BXB1,0,0,0
Q9UK85,0,0,0
P37023,0,0,-0.14092806882284403
P17096,0,0,0
P51692,0,0.058098985799396666,0
P50583,0,0,0
P11021,0,0,0
P15121,-0.03929966891328894,0,0
P06396,0,-0.0824129009741491,0
P13929,-0.21773125088702938,0,0
Q07108,0,0,0
O76074,0,0,0
Q9H5V8,0,0,0
O43819,0,0,0
Q13822,0,0,0
Q8N3J6,0,0,0
O15455,0,0,0
P05186,0,0,0
P30043,0,0,0
O15075,0,0,0
P55075,0,0,0
P10092,0,0,0
O75475,0,0,0
Q9NWT6,0,0,0
Q9HD40,0,0,0
Q96GG9,0,0,0
Q13541,0,0,0
P61086,0,0,0
P09601,-0.007174444114814695,0,0
Q6FHJ7,0.14070018245484797,0,0
P00450,0,0.060927689142566084,0
P20591,0,0,0
Q96CM8,0,0,0
Q9UMX1,0,0,0
Q9NTG7,0,0,0
P37108,0,0,0
P15529,0,0,-0.0716483665865282
P06727,0,-0.10775109951101594,0
Q86XR7,0,0,-0.13813930215332085
P22309,0,0,0
Q16890,0,0,0
P78540,0,0,0
P08134,0,0,0
P14598,-0.004183901782253315,-0.052704774654673915,0
O15205,0,0,0
O15305,0,0,0
Q9NVS9,0,0,0
O60551,0,0,0
P62316,0,0,0
Q14790,0,0,0
Q14790.1,0,0,0
P05062,0,0,0
P50440,0,0,0
Q9NRV9,0,0,0
Q8N6N6,0,0,0
Q8IX03,0,0,0
Q9H900,0,0,0
P13995,0,0,0
Q14194,0,0,0
P28070,0,0,0
Q9Y617,0,0,0
P02768,0,0,0
O43687,0,0,0
Q96Q83,0,0,0
P56377,0,0,0
Q9HBK9,0,0,0
P12830,0,0,0
P62380,0,0,0
Q13427,0,0.03522621041788262,0
Q9NUU7,0,0,0
P83916,0,0,0
P45877,0,0,0
Q96EQ0,0,0,0
P01266,0,0,0
Q9UIV8,0,0,0
P49715,0,0,0
P02461,0.010861001686881993,0,0
Q9H4D0,0,0,0
Q9UDY4,0,0,0.07863199748419669
Q8IZP7,0,0,0
P28066,0,0,0
P25788,0,0,0
O94813,0,0,0
O75094,0,0,0
P28065,0,0,0
Q8N8N7,0,0.12557910564608218,0
P35638,0,0,0
P13861,0,0,0
P50452,0,0,0
Q9UHV8,0,0,0
P41236,0,0,0
Q15777,0,0,0
P07093,0,0,0
O43586,0,0,0
O43427,0,0,0
Q7L9L4,0,0,0
O95630,0,0,0
P54578,0,0,0
Q06187,0,0,0
P36639,0,0,0
P55263,0,0,0
P61020,0,0,0
O95816,0,0,0
P53999,0,0,0
P61077,0,0,0
P06132,0,0,0
P11413,0,0,0
Q9UQB8,0,0,0
Q9Y3A3,0,0,0.0026355538797211624
P61978,0,0,0
Q92506,0,0,0.13790264732395055
Q99497,0,0,0
Q99497.1,0,0,0
Q86Z14,0,0,0
O75096,0,0,0
P40933,0,0,0
P55075.1,0,0,0
P53567,0,0,0
P19235,0,0,0
O60496,0,0,0
P31371,0,0,-0.03442941970430061
Q96E17,0,0,0
Q92994,0,0.19871226247705437,0
Q15700,0,0,0
P08476,0,0,0
P01270,0,0,0
P00813,0,0,0
P24864,0,0,0
Q96EB6,0,0.08058055948088276,0
P01116,0,0,0
Q15907,0,0,0
Q969T4,0,0,0
P20827,-0.01227874376572656,0,0
P19320,0,0,0
O15527,0,-0.08988705030487819,0
Q86WK6,0,-0.030309929190833314,0
P14136,0,0,0
Q15560,0,0,0
P13591,0,0,0
P09871,0,0.2364822006088706,0
P42229,0,0,0
Q9BX74,0,0,0
O00161,0,0,0
Q6GMV3,0,0,0
Q99828,0,0,0
Q9NXJ5,0,0,0
A6NKN8,0,0,0
O14645,0,0,0
Q9P2X3,0,0,0
P43121,0,0,-0.04569492006189804
Q13145,0,0,0
Q14126,0,0,0
Q92520,0,0,0
Q8NFY4,0,0,0
Q8WTV0,0,0,0
Q96AP7,0,0,0
P30988,0,0,0
Q86UN2,0,-0.013516323153219392,0
Q9P121,0,0,-0.05324211849302291
Q9UQ52,0,0,-0.0027373724845291213
P43220.1,0.022955523561970885,0,0
P09234,0,0,0
Q8TF65,0,0,0
P18846,0,0,0
Q9GZZ1,0,0,0
Q9ULC3,0,0,0
P62263,0,0,0
Q96LD8,0,0,0
Q9H9R9,0,0,0
Q14206,0,0,0
Q9BZL1,0,0,0
Q96G28,0,0,0
Q9NZL4,0,0,0
Q7Z5W3,0,0,0
Q8TBC4,0,0,0
Q13084,0,0,0
A2RUC4,0,0,0
Q9NS37,0,0,0
O00141,0,0,0
Q8WUK0,0,0,0
Q96B02,0,0,0
Q9NSI8,0,0,0
Q6ICB0,0,0,0
P50453,0,0,0
P50225,0,0,0
P62913,0,0,0
Q9BTZ2,0,0,0
Q6IN84,0,0,0
Q4VC05,0,0,0
Q8TD30,0,0,0
Q16612,0,0,0
Q96DH6,0,0,0
Q96F24,0,0,0
Q8TBN0,0,0,0
Q8TCS8,0,0,0
Q9H777,0,0,0
Q16819,0,0,0
O14917,0,0,0
P49815,0,0,0
Q16584,0,0,0
P47712,0,0,0
O00429,0,0.020280272942667033,0
Q99717,0,0,0
Q9UL45,0,0,0
Q16853,0,0,-0.06155393560107867
P55210,0,0,0
Q86SG5,0,0,0
Q13451,0,0,0
Q14896,0,0,0
P56962,0,0,0
Q9BTM9,0,0,0
Q8IXL6,0,0,0
Q01064,0,0,0
O00308,0,0,0
P05120,0,0,0
P43146,0,0,0
P55290,0,0,-0.08483089358408573
P78509,0,0,0
Q495W5,0,0,0
O94782,0,0,0
Q92560,0,0,0
Q9HC62,0,0,0
Q92772,0,0,0
Q5JSQ8,0,0,0
P18615,0,0,0
P17081,0,0,0
P43308,0,0,0
Q712K3,0,0,0
Q9H8U3,0,0,0
Q8IUK8,0,-0.0024934025199271487,0
P03951,0,0,0
P41226,0,0,0
Q9UBV4,0,0,0
P46379,0,0,0
P28845,0,0,0
P11215,0,0,-0.06039160981442174
P06858,0,0,0
P29474,0,0,0
Q9Y5A7,0,0,0
P80303,-0.020605679345361005,0.043016116059450445,0
Q15165,0,0,0
P39060,0,0,0
O75569,0,0,0
Q9UQQ2,0,0,0
Q13163,0,0,0
Q6EEV6,0,0,0
Q12778,0,0,0
P30837,0,0,0
Q96L46,0,0,0
P18847,0,0,0
Q8WZ19,0,0,0
Q9UBR1,0,0,0
Q9Y2Z9,0,0,0
P00750,0,0,0
Q5T6F0,0,0,0
Q07687,0,0,0
Q9HB65,0,0,0
Q9Y2C4,0,0,0
Q9BZS1,0,0,0
Q06547,0,0,0
Q92551,0,0,0
Q9UKI8,0,0,0
O43248,0,0,0
O43679,0,0,0
Q92802,0,0,0
Q4G0N4,0,0,0
Q16236,0,0,0
Q8IWS0,0,0,0
P60510,0,0,0
Q14691,0,0,0
Q86SE5,1.3602356328345513e-4,0,0
P29558,0,0,0
Q9HCK4,0,0,0
O75581,0,0,0
P21912,0,0,0
Q9BSV6,0,0,0
P17947,-0.005657598296400876,0,0
Q9UGM6,0,0,0
Q96BN2,0,0,0
Q8NHR7,0,0,0
Q9BVW5,0,0,0
P13051,0,0,0
O14978,0,0,0
O60783,0,0,0
Q13043,0,0,0
P17676,0,0,0
O95166,0,0,0
P80098,0,0.029036935865977036,0
P19875,0,0,0
O94992.1,0,0,0
P18065,0,0,0
Q96SI1,0,0,0
O14530,0,0,0
Q719H9,0,0,0
Q6UWP2,0,0,0
Q8NBZ0,0,0,0
Q9GZN7,0,0,0
Q6AI12,0,0,0
Q9UFW8,0,0,0
Q6IBS0,0,0,0
Q53HC0,0,0,0
A6NGB7,0,0,0
Q96AB6,0,0,0
Q9P2A4,0,-0.009368697434496942,0
Q14135,0,0,0
Q5VZV1,0,0,0
P35916,0,0,0
Q9UBU3,0,0,0
Q8N998,0,0,0
O60662,-0.32079739003082164,0,0
P17980,0,0,0
P31939,0,0,0
Q15008,0,0,0
Q9BUB5,0,0,0
P01031,0,0.04222725084623382,0.03449131346591351
Q7Z6L0,0,0,0
Q9BTK6,0,0,0
P49841,0,0,0
Q96BW5,0,0,0
P37231,0,0,0
Q14814,0,0,0
Q8N427,0,0,0
Q9UBL6,0,0,0
P0CG13,0,0,0
Q9H2A7,0,0,-0.10335251141413622
O15520,0,0,0
P11216,0,0,0
Q7KZF4,0,0,0
Q15276,0,0,0
Q86W54,0,0,0
O15327,0,0,0
P55075.2,0,0,0
Q8N1G2,0,0,0
A6XGL0,0,0,0
Q9UN36,0,0,0
Q9Y6X0,0,0,0
Q9UMY4,0,0,0
Q9H165,0,0,0
Q5TDP6,0,0,0
Q16799,0,0,0
P78556,0,0,0
Q9Y5W9,0,0,0
Q15041,0,0,0
P20042,0,0,0.04979317576224456
P02743,0,0,0
P10721,0,0,0
P35625,0,0,0
P09327,0,0,0
Q15910,0,0,0
Q96KC8,0,0,0
P35712,0,0,0
P63010,0,0,0
O14920,0,0,0
Q08AM6,0,0,0
Q96I24,0,0,0
P48382,0,0,0
O75146,0,-0.09820628474154855,0
P55072,0,0,0
P23368,0,0,0
P29144,0,0,0
Q9C0B1,0,0,0
Q13228,0,0,0
Q9Y6H5,0,0,0
Q8IY22,0,0,0
Q9Y6A9,0,0,0
Q9BXU8,0,0,0
Q5R372,0,0,0
Q04637,0,0,0
Q9UDY8,0,0,0
P53667,0,0,0
Q13568,0,0,0
Q5VWP3,-0.14933694821795437,0,0
Q9UBB4,0,0,0
P01189,0,0,0
P05156,0,0,0
P17936,0,0,0
P41159,0,0,0
P14780,0,0,0
P05164,0,0,0
P01236.1,0,0,0
Q92993,0,0,0
Q9BWS9,0,0,-9.224948724686942e-4
Q01973,0,0,0
Q92608,0,0,0
P02794,0,0,0
O75197,0,0,0
Q8NEB9,0,0,0
Q16849,0,0,0
Q9H4A3,0,0,0
Q9BXJ3,0.02628805088056736,0,-0.06918280105586523
P01033,0,0,0
P15692,0,0,0
P41273,0,0,0
P33681,0,0,0
O15394,0,0,0
P01034,0,0,0
Q9UJZ1,0,0,0
P52803,0,0,0
Q15303,0,0,0
P09758,0,0,0
P30519,0,0,0
P41236.1,0,0,0
Q08431,0,0,0
Q08334,0,0,0
P42701.1,0,0,0
P78552,0,0,0
P31785,0,0,0
Q6UX15,0,0,0
P36941,0,0,0
P22897,0,0,0
P07333.1,0,0,0
Q04912,0,0,0
P68402,0,0,0
P17252,0,0,0
P32942,0,0,0
Q03405,0,0,0
P19438,0,0,0
Q16288,0,0,-0.061839845074452636
Q02223,0,0,0
P07585,0,0,0
P06732,-0.2745586877080836,0,0
P00533,0,-0.009896398992866463,-0.06630109207668299
P08631,0,0,0
P14210,-0.08838825115462799,0.06728969550690539,0
P10809,0,0,0
P01024,0,0,0
P24592.1,0,0,0
Q16674,0,0,0
P14555,0,0,0
P13725,0,0,0
P16284,0,0,0
P02776,0,0,0
P07225,0,0,0
P05543,0,0,0
Q9UNG2,0,0,0
P26992.1,0,0,0
Q12904,0,0,0
Q99062,0,0,0
P48788,-0.32694046356546946,0,0
Q9Y286,0,0,0
Q15465,0,0,-3.596260515996216e-4
Q9HC73,0,0,0
P02647,0,0,0
P20160.1,0,0,0
P43026,0,0,0
O95750,0,0,0
P08833,0,0,0
Q14005,0,0,0
Q96PD4,0.01889838120361415,0,0
P16619,0,0,0
P08254,0,0,0
P09237,0,0,0
P00441,0,0,0
P04114,0,0,0
P36896,0,0,0
Q9Y2N7,0,0,0
Q15389,0,0,0
O00253,0,0,0
P33151,0,0,0
P78423,0,0,0
O43278,0,0,0
P14770,0,0,0
Q9Y5K2,0,0,0
P80188,0,0,0
P08581,0,0,-0.09642452093545718
O43291,0,0,0
P35590,0,0,0
O60488,0,0,0
P55008,0,0,0
P01031.1,0,0.15760631264136518,0
P27361,0,0,0
P04150,0,0,0
Q9BY41,0,0,0.06455283062121134
P52292,0,0,0
Q05655,0,0,0
P63000,0,0,0
P20226,0,0,0
P11387,0,0,0
P63279,0,0,0
P01011,-0.06507957738106102,0,0
P10643,0,0,0
P20273,0,0,0
P21741,0,0.20116191932323235,0
P12004,0,0,0
O14788,0,0,0
P05121,0,0,0
Q7L2Z9,0,0,0
P02649,0,0,0
Q5T4W7,0,0,0
P99999,0,0,0
P08684,0,0,0
P00746,0,0,0
P10912,0,0,0
P05019,0,0,0
P04070,0,0,0
P12272,0,0,0
P15514,0,0,0
P18075,0,0,0
P35520.1,0,0,0
P16671,0,0,0
Q12860,0,-0.0037982297981119205,0
P29279,0,0,0
Q02413,0,0,0
Q9UNE0,0,0,0
P42830,0,0,0
P09341,0,0,0
P01579,0,0,0
Q96F46,0,0,0
Q13449,0,0,0
P11226,0,0,0
P18031,0,0,0
Q9Y336,0,0,0
Q03167,0,0,0
Q969D9,0,0,0
P16410,0,0,0
P08697,0,0.002508608309446233,0
P09038,0,0,0
P55773,0,0,0
Q9NNX6,0,0,-0.05426540416524354
Q9UHD0,0,0,0
P01584,0,0,0
O14625,0.016884706287674182,0,0
P10147,0,0,0
P02144,-0.2202880072930534,0,0
P09486,0,0,0
P55774,0,0,0
P22102,0,0,0
P48023,0,0,0
P00738,0,0,0
P24394,0,0,0
P26718.1,0,0,0
P17931,0,0,0
P60568,0,0,0
O95998,0,0,0
P18428,0,0.1894947386126117,0
P00742,0,0,0
Q99969,0,0,0
Q9HAV5,0,0,0
P28482,0,0,0
Q8NEV9,0,0,0
Q9NR28,0,0,0
P49767,0,0,0
P09429,0,0,0
P01589,0,0,0
P48061,0,0,0
P0CG47,0,0,0
P49368,0,0,0
Q9UNA0,0,0,0
P35475,0,0,0
P15848,0,0,0
Q02083,0,0,0
Q9UHI8,0,0,0
Q76LX8,0,0,0
P53634.1,0,0,0
P25774,0,0,0
P08709,0,-0.005137246002990582,0
P06681,0,0.03905430736577428,0
P54108,0,0,0
P98073,0,0,0
Q96KP4,0,0,0
Q9HCN6,0,0,0
P10915,0,0,0
P14735,0,0,0
P04406,0,0,0
P22557,0,0,0
Q9NQ76,0,0,0
Q9NQ76.1,0,0,0
Q9NR71,0,0,0
P14543,0,0,0
P07093.1,0,0,0
P07949,0,0,0
P13686,0,0,0
Q76M96,0.05117813552357475,0,0
P02750,0,0,0
Q15582,0,0,0
P21810,0,0,0
P00736,0,0.06448442940241805,0
Q6YHK3,0,0,0
P06734,0,0,0
P09326,0,0,0
P0CG37,0,0,0
P49908,0,0,0
Q9NR61,0,0,0
P12318,0,0,0
P31994,0,0,0
O75015,0,0,0
P12314,0,0,0
P22830,0,0,0
P05546,0,0,0
O43464,0,0,0
Q13007,0,0,0
Q14114,0,0,0
Q9BY67,0,0,-0.03874662915477005
Q6NW40,0,0,-0.1024457433534605
Q6ZVN8,0,0,-0.04992045799113005
P10646,0,0,0
P35442,0,0,0
P35443,0.1531972659278815,0,0
Q03154,0,0,0
P01008,0,0,0
Q96GD4,0,0,0
P13497,0,0,0
P49336,0,0,0
O96017,0,0,0
Q16610,0,0,0
Q9UGM5,0,0,0
P36969,0,0,0
Q9UPY5,0,0,0
P05154,0,-0.3292675735454669,0
P48736,0,0,0
Q9Y243,0,0,0
P53350,0,0,0
P00797,0,0,0
Q9UHD2,0,0,0
P10415,0,0,0
Q16548,0,0,0
Q9HCJ2,0,0,0
Q13557,0,0,0
P23946,0,0,0
P68400,0,0,0
P29320,0,0,0
P36888,0,0,0
P12544,0.028992915916418265,0,0
Q13478,0,0,0
P10145,0,0,0
P06213,0,0,0
Q4G0M1,0,0.010077445421325899,0
P09619,0,0,0
Q96GW7,0,0,0
P33908,0,0,0
P17612,0,0,0
P10586,0,0,0
P16581,0,0,0
O75716,0,0,0
O15392,0,0,0
P40238,0,0,0
P07996,0,0,0
P04629,0,0,0
P01019,-0.006653692040208875,0,0
P61769,0,0,0
P05230,0,0,0
O43927,0,0,0
P04040,0,0,0
P80162,0,0,0
P01563,0,0,0
P81172,-0.011138052490310624,0,-0.3056748544457706
O00626,0.02798521700436928,0,0
Q01469,0,0,0
P48061.1,0,0,0
Q92583,0,0,0
P01282,0,0,0
P49190,0,0,0
Q4KMQ2,0,0,0
P29965,0,0,0
O94907,0,0,0
P20711,0,0,0
Q15848,0,0,0
P13500,0,0,0
O60609,0,0,0
P32970,0.007224692395289424,0,0
P01009,0,0,0
P02765,0,0,0
Q14012,0,0,0
P42574,0,0,0
Q13231,0,0,0
Q9BXN2,0,0,0
P42892,0.03087227208669517,0,-0.16461698036712696
O00602,0,0,0
P15586,0,0,0
Q04756,0,0,0
O95711,0,0,0
Q495T6,0,0,0
P36507,0,0,0
Q14982,0,0,0
P30533,0,0,0
Q9UIB8,0,0,0
P35968,0,-0.06242174994197535,-0.023476489626754284
P01023,0,0,0
P00747,0,0,0
P46527,0,0,0
P10082,0,0,0
P43489,0,0,0
P22004,0,0,0
P05113.1,0,0,0
P04070.1,-0.054747195254816264,-0.046049645178897855,0
P35354,0,0,0
Q02763,0,0,0
Q13443,0,0,0
Q9BY76,-0.013331949236609573,0,0
Q16790,0,0,0
P07451,-0.23997868984573323,0,0
P12277,0,0,0
Q9GZV9,0,0,0
P21802,0,0,-0.029827044982175883
Q04759,0,0,0
P60484,0,0,0
O60603,0,0,0
P43403,0.07458295756360793,0,0
O00170,0,0,0
P62937,0,0,0
Q9NP97,0,0,0
O95571,0,0,0
P40925,0,0,0
Q06830,0,0,0
P24666,0,0,0
P60900,0,0,0
P07202,0,0,0
P68036,0,0,0
Q14974,0,0,0
Q9UK53,0,0,0
P20700,0,0,0
P07195,0,0,0
P18669,0,0,0.02475825677373713
Q15109,0,0,0
P17213,0,0,0
P13671,0,0.21407217541630086,0
P00751,0,0,0
P10767,0,0,0
P02751,0,0,0
P19883,0,0,0
Q9NYY1,0,0,0
P13232,0,0,0
P02778,0,0,0
P20783,0,0,0
P34130,0,0,0
P01127,0,0,0
P00747.1,0,0,0
P00747.2,0,0,0
P03952,0,-0.16347479294567516,0
P24821,0,0,0
P61812,0,0,0
P00734.1,0,-0.08565391873830201,0
P00749,0,0,0
P08603,0,0,0.0068033656506149105
P08253,0,0,0
P02787,-0.004442601525706342,0,0
P52209,0,0,0
O43488,0,0,0
P14550,0,0,0
P23528,0,0,0
Q9NP79,0,0,0
P08069,0,0,0
Q01638,-0.12501931718455295,0,0
P14618,0,0,0
Q9UNZ2,0,0,0
Q8IVD9,0,0,0
P27169,0,0,0
P30086,0,0,0
P62826,0,0,0
Q14498,0,0,0
P29401,0,0,0
P60174,0,0,0
Q9H773,0,0,0
P29350,0,0,0
Q9BXJ7,0,0,0
Q9BWV1,0,0,-0.032075446959310826
P02741,0,0.02410202167118126,0
P05362,0,0,0
Q9UIK4,0,0,0
Q99988,0,0,0
Q07817,0,0,0
Q9BWP8,0,0,0
Q6UWV6,0,0,0
O75356,0,0,0
Q96P31,0,0,0
Q14515.1,0,0,0
P07951,0,0,0
P05155,0,0,0
P01024.1,0,0,0
P21781,0,0,0
Q01344.1,0,0,0
P20809,0,0,0
P39900,0,0,0
P04085,0,0,0
Q9Y240,0,0,0
Q10588,0,0,0
P45973,0,0,0
P10909,0,0,0
Q96DA6,0,0,0
Q9UHX3,0.019603870310254658,0,-0.08555986041208014
Q9NZU1,0,0,0
Q16719,0,0,0
P06239,0,0,0
P19174,0,0,0
O60880,0,0,0
P01298,0,0,0
P05231,-0.14735811879999808,0,0
P04141,0,0,0
P14061,0,0,0
P08700,0,0,0
P23284,0,0,0
P30101,0,0,0
P43652,0,-0.007729670124553344,0
P08185,0,0,0
Q14624,0,0,0
O95881,0,0,0
P31947,0,0,0
P14151,0,0,0
P29317,0,0,0
P09919,0,0,0
P51654,0,0,0
P01583,0,0,0
P36894,0,0,0
Q13873,0,0,0
Q16620,0,0,0
P03950,0,0,0
P00742.1,0,0,0
P01308,0,0,0
P80098.1,0,0,-0.05449417055545039
P01275,0,0,0
P01024.2,0,0,0
Q14019,0,0,0
P17813,0,0,0
P01042,0,0,0
Q99731,0,0,0
P03956,0,0,0
O14944,0,0,0
O95994,0,0,0.03894339789836917
P04083,0,0,0
P07355,-0.06694333639400593,0,0
P06576,0,0,0
Q07021,0,0,0
P00915,0,-0.007267716735061824,0
P00918,0,0,0
P46108,0,0,0
Q07507,0,0,0
Q01469.1,0,0,0
P22455,0,0,0
P07359,0,0,0
P15428,0,0,-0.021592357778481668
P04196,0,0,0
Q16539,0,0,0
P04179,0,0,0
P26038,0,0,0
P43490,0,0,0
P00568,0,0,0
O00299,0,0,0
P16333,0,0,0
Q13093,0,0,0
P30041,0,0,0
P09936,0,0,0
Q15181,0,0,0
P30566,0,0,0
Q86VB7,0,0,0
Q8IXJ6,0,0,0
P07478,0,0,0
P04818,0,0,0
Q9NZQ7,0,0,0
Q9BZW8,0,0,0
Q01151,0,0,0
Q01151.1,0,0,0
P08174,0,0,0
Q9UHF4,0,0,0
Q5VWK5,0,0,0
P16871,0,0,0
P78504,0,0,0
Q9Y219,0,0,0
Q14108,0,0,0
P46531,0,-0.024614411529808814,-0.06679833309088273
Q92823,0,0,0
Q9HDB5,0,0,0
P41217,0,0,0
Q96MS0,0,0,0
Q9NP84,0,0,0
Q02241,0,0,0
P04035,0,0,0
P30405,0,0,0
Q08499,0,0,0
P29597,0,0,0
P27797,0,0,0
P15498,0,0,0
P51671,0,0,0
P00734.2,0,0,0
P42081,0,0,-0.040980927181582215
P06702,-0.058268902943552595,0,0
Q92851,0,0,0
P16870,0,0,0
Q9Y625,0,0,0
P22626,-0.0017095654317753758,0,0
P18510,0,0,0
Q8N0W4,0,0,0
Q99983,0,0,-0.2146148883758987
Q01105,0,0,0
Q96RJ3,0,0,0
P48357,0,0,0
P26842,0,0,0
Q9Y6Q6,0,0,0
P05413,-0.0686055848147613,-0.158146346916211,0
P48788.1,-0.30782151798877816,0,0
Q13740,0,0,0
P54826,0,0,0
P62993,0,0,0
O60243,0,0,0
P05771,0,0,0
P13501,0,0,0
P20936,0,0,0
P31948,0,0,0
Q08629,0,0,0
P07339,0,0,0
P01133.1,0,0,0
Q9Y5U5,0,0,0
P11362,0,0,0
Q08830,0,0.27464219410240664,0
P06127,0,0,0
Q8NBM8,0,0,0
P55081,0,0,0
P58499,0,-0.017636614901514025,0
Q9NS98,0,0,0
Q9UGN4,0,0,0
Q9NQ79,0,0,-0.17763164465138784
Q9H488,0,0,0
Q9NZC2,0,0,0.29604611883554605
Q9Y2I2,0,0,0
Q8NBJ5,0,0,0
P05160,0,0,0
Q14116,-0.045446856693876526,0,0
P14314,0,0,0
P01375,0,0,0
Q9H4F8,0,0.1094441343028309,0
P22105,0,0,-0.04787670815112968
Q92854,0,0,0
Q9Y6N7,0,0,0
Q13510,0,0,0
Q9BXP8,0,0,0
O95467,0,0,0
P02771,0,0,-0.011342874571052937
P55957,0,0,0
P01138,0,0,0
P01024.3,0,0.10578212917061397,0
P13385,0,0,0
P01588,-0.013022008321662025,0.06740585543950652,0
P39905,0,0,0
P15260,0,0,0
P15248,0,0,0
P42702,0,0,0
Q96KQ7,0,0,-0.14330308523989538
Q13253,0,0,0
P80511,0,0,0.31966013698207907
P10636,0,0,0
P04075,0,0,0
P05089,0,0,0
Q92934,0,0,0
P24534,0,0,0
P63241,0,0,0
P07492,0,0,0
P11142,-0.0936872614507108,0,0
P15531,0,0,0
P50542,0,0,0
Q06323,0,0,0
O43508,0,0,0
P01270.1,0,0,0
P61278,0,0,0
O43557,0,0,0
P15907,-0.028135833767151903,0,0
Q9BS26,0,0,0
Q9NZK5,0,0,0
Q9UKZ9,0.01957419691310618,0,-0.09766513820052472
P04637,0,0,0
Q9BRR6,0,0,0
Q16651.1,0,-0.18724348805445284,0
O43240,0,0,0
P42081.1,0,0,0
Q96SM3,0,0,0
Q8WWZ8,-0.08614187757691903,0,0
Q8NBI6,0,0,0
O75973,0,0,0
P55103,0,0,0
Q86XP6,0,0,0
Q7Z5L3.1,0,0,0
Q96MK3,0,0.15141646404692127,0
Q86UW8,0,0,0
P40967,0,0,0
A6NGN9,0,0,0
Q9H2R5,0,0,0
P05305,0,0,0
Q9Y4K0,0,0,0
O15394.1,0,0,0
Q9UJA9,0,0,0
Q9Y6Z7,0,0,0
Q14435,0,0,0
P23352,0.06274725834095934,0,0
Q96FE5,0,0,0
Q15063,0.07731691593928607,0,0
P0CG48,0,0,0
P0CG47.1,0,0,0
P06307,0,0,0
O00469,0,0.04530218351314814,0
Q13145.1,0,0,0
Q9HCN8,0,0,0
Q9ULW5,0,0,0
Q9BT88,0,0,0
Q8N807,0,0,0
Q96DB5,0,0,0
Q8N475,0.041527115054404616,0,-0.005906770261298769
P06729,0,0,0
Q8IYS5,0,0,0
O75830,0,0,0
Q9HBE4,0,0,0
Q9UJ68,0,0,0
P08217,0,0,0
P15169,0,0,0
Q06033,0,0.26814121705167554,0
Q8TDQ0,0,0,0
P05000,0,0,0
O14994,0,0,0
Q9ULH4,0,0,0
Q9H3T2,0,0,0
P14415,0,0,-0.014011678443255139
P20963.1,0,0,0
Q5T7V8,0,0.0012357781585474537,0
Q86WD7,0,0,0
Q96HD1,0,0.027955258495264437,0
P67936,0,0,0
P36955,0,0,0
P18084,0,0,0
Q6UWE3,0,0,0
Q13162,0,0,0
O43916,0,0,0
O95249,0,0,0
P02753,0,-0.08246311751280555,0
Q16769,0,0,0
Q9H2K0,0,0,0
Q68D85,0,0,0
O00264,0,0,0
Q96KN2,0,0,0
P08567,0,0,0
P00738.1,0,0,0
P04278,0,0,0
P04745,0,0,0
Q92186,0,0,0
P09693,0,0,0
Q9P0K1,0,0,0
Q13291,0,0,0
P19827,0,0,0
Q8WXD2,0,0,0
Q9ULB5,0,0,0
O95727,0,0,0
Q9NXW2,0,0,0
Q9H819,0,0,0
A6NNA5,0,0,0
Q68G75,0,0,0
P40225,0,0,0
P07766,0,0,0
Q8N7P1,0,0,0
Q9Y287,0,0,0
P48740,0,0,0
Q8N5K1,0,0,0
Q9BUD6,0,0,0
P14174,0,0,0
P29323,0.003826356643933933,0,0
P05060,0,0,0
Q6X4U4,0,0,-0.030462142493570266
P06276,0,-0.07288587408174874,0
Q14956,0.0498331051286532,0,0
P0C7M8,0,0,0
P00995,0,0,0
O00548,0,0,-0.060729929780317056
P04004,0,0.02271738076193741,0
O95897,0,0,0
P59901,0,0,0
O00300,0,0,0
Q9NWH9,0,0,0
P30048,0,0,0
P20333,0,0,0
Q14118,0,0,0
P07492.1,0,0,0
Q04721,0,0,-0.10385360465887053
P35222,0,0,0
P35222.1,0,0,0
Q9BXY4,0,0,0
P37840,0,0,0
P08294,0,0,0
O60930,0,0,0
Q12805,0,0,0
P41159.1,0,0,0
Q14145,0,0,0
P01024.4,0,0,0
Q6E0U4,0,0,0
P09668,0,0,0
O95866,0,0,0
Q504Y2,0,0,0
A6NI73,0,0,0
P02786,0.008659438987853924,0,0.3616539575093698
Q13145.2,0,0,0
P50591,0,0,0
O75121,0,0,0
Q8IUL8,0,0,-0.2786732907354121
P27986,0,0,0
Q9NXS2,0,0,0
P09874.1,0,0,0
Q92859,0,0,0
Q13586,0,0,0
Q14289.1,0,0,0
Q8N428,0.09655382882221708,0,0
O75354,0,0,0
Q06413,-0.0444164949208686,0,0
Q6UVK1,0,0,0
P09919.1,0,0,0
Q96DZ1,0,0,0
Q6P179,0,0,0
Q9ULB1,0,0,0
P49746,0.21221166346351375,0,0
Q9UHN6,0,0,0
Q86U17,0,0,0
O95631,0,0,0
Q16186,0,0,0
Q5VZ66,0,0,0
P55854.1,0,0,0
P50461,-0.017453519255061167,0,0
P22894,-0.01828815831524472,0,0
P58499.1,0,0,0
P04155,0,0,0
Q07325,0,0,0
P47929,0,0,0
O00182,0.008829500053533156,0,0
P37802,0,0,0
P01189.1,0,-0.04526710828765397,0
P36955.1,0,0,0
O95954,0,0,0
O15031.1,0,0,0
P16471,0,0,0
Q71RG4,0,0,0
P11117,0,0,0
Q9P0M4,0,0,0
O75509,0,0,0
P48061.2,0,0,0
P16562,0,0,0
P16070,0,0,0
Q9Y680,0,0,0
P55001,0.009827335221811532,0,0
P23468,0,0,0
O75144,0,0,0
P19823,0,0,0
Q30KP8,0,0,0
P14784,0,0,0
Q5T1H1,0,0,0
P21583,0,0,-0.24082005340424972
Q8N539,0,0,0
P10253,0,0,0
Q96PE7,0,0,0
Q15661,0,0,0
P43235,0,0,0
O14519,0,0,0
P07911,0,0,0
Q969J5,0,0,0
P25445,0,0,-0.0332000391219306
P51159,0,0,0
O95831,0,0,0
Q9NX94,0,0,0
Q96PZ7,0,0,0
P16083,0,0,0
Q8NFT8,0,0,-0.04307399921993134
Q4KMG9,0,0,0
Q9NVH1,0,0,0
Q9NPR2,0,0,-0.11384510679079306
Q9UPQ9,0,0,0
Q07960,0,0,0
P00374,0,0,0
P49789,0,0,0
P15559,0,0,0
P35222.2,0,0,0
P35609,-0.32596858506265036,0,0
Q99497.2,0,0,0
P51946,0,0,0
P15121.1,0,0,0
P61586,0,0,0
P21673,0,0,0
P19838,0,0,0
P26232,0,0,0
P11474,0,0,0
Q96FV9,0,0,0
P46109,0,0,0
Q13426,0,0,0
Q8TED9,0,0,0
O95271,0,0,0
O75899.1,0,0,0
Q7Z408,0,0,0
